[{"model": "contenttypes.contenttype", "fields": {"app_label": "admin", "model": "logentry"}}, {"model": "contenttypes.contenttype", "fields": {"app_label": "auth", "model": "permission"}}, {"model": "contenttypes.contenttype", "fields": {"app_label": "auth", "model": "group"}}, {"model": "contenttypes.contenttype", "fields": {"app_label": "contenttypes", "model": "contenttype"}}, {"model": "contenttypes.contenttype", "fields": {"app_label": "sessions", "model": "session"}}, {"model": "contenttypes.contenttype", "fields": {"app_label": "clientes", "model": "cliente"}}, {"model": "contenttypes.contenttype", "fields": {"app_label": "clientes", "model": "contactocliente"}}, {"model": "contenttypes.contenttype", "fields": {"app_label": "clientes", "model": "equipo"}}, {"model": "contenttypes.contenttype", "fields": {"app_label": "clientes", "model": "modeloequipo"}}, {"model": "contenttypes.contenttype", "fields": {"app_label": "clientes", "model": "modelomotor"}}, {"model": "contenttypes.contenttype", "fields": {"app_label": "clientes", "model": "tipoequipo"}}, {"model": "contenttypes.contenttype", "fields": {"app_label": "clientes", "model": "registrohorometro"}}, {"model": "contenttypes.contenttype", "fields": {"app_label": "crm", "model": "analisiscliente"}}, {"model": "contenttypes.contenttype", "fields": {"app_label": "crm", "model": "campania"}}, {"model": "contenttypes.contenttype", "fields": {"app_label": "crm", "model": "potencialcompramodelo"}}, {"model": "contenttypes.contenttype", "fields": {"app_label": "crm", "model": "contacto"}}, {"model": "contenttypes.contenttype", "fields": {"app_label": "gestionDeTaller", "model": "analisistaller"}}, {"model": "contenttypes.contenttype", "fields": {"app_label": "gestionDeTaller", "model": "codigoerror"}}, {"model": "contenttypes.contenttype", "fields": {"app_label": "gestionDeTaller", "model": "costopersonaltaller"}}, {"model": "contenttypes.contenttype", "fields": {"app_label": "gestionDeTaller", "model": "gastoasistencia"}}, {"model": "contenttypes.contenttype", "fields": {"app_label": "gestionDeTaller", "model": "pedidorepuestosterceros"}}, {"model": "contenttypes.contenttype", "fields": {"app_label": "gestionDeTaller", "model": "planaccion5s"}}, {"model": "contenttypes.contenttype", "fields": {"app_label": "gestionDeTaller", "model": "preorden"}}, {"model": "contenttypes.contenttype", "fields": {"app_label": "gestionDeTaller", "model": "revision5s"}}, {"model": "contenttypes.contenttype", "fields": {"app_label": "gestionDeTaller", "model": "servicio"}}, {"model": "contenttypes.contenttype", "fields": {"app_label": "gestionDeTaller", "model": "solicitudtrabajo"}}, {"model": "contenttypes.contenttype", "fields": {"app_label": "gestionDeTaller", "model": "ventarepuesto"}}, {"model": "contenttypes.contenttype", "fields": {"app_label": "recursosHumanos", "model": "usuario"}}, {"model": "contenttypes.contenttype", "fields": {"app_label": "recursosHumanos", "model": "certificacionjd"}}, {"model": "contenttypes.contenttype", "fields": {"app_label": "recursosHumanos", "model": "certificaciontecnico"}}, {"model": "contenttypes.contenttype", "fields": {"app_label": "recursosHumanos", "model": "ciudad"}}, {"model": "contenttypes.contenttype", "fields": {"app_label": "recursosHumanos", "model": "competencia"}}, {"model": "contenttypes.contenttype", "fields": {"app_label": "recursosHumanos", "model": "herramientaespecial"}}, {"model": "contenttypes.contenttype", "fields": {"app_label": "recursosHumanos", "model": "provincia"}}, {"model": "contenttypes.contenttype", "fields": {"app_label": "recursosHumanos", "model": "tarifamanoobra"}}, {"model": "contenttypes.contenttype", "fields": {"app_label": "recursosHumanos", "model": "tipohoratrabajo"}}, {"model": "contenttypes.contenttype", "fields": {"app_label": "recursosHumanos", "model": "sucursal"}}, {"model": "contenttypes.contenttype", "fields": {"app_label": "recursosHumanos", "model": "revisionherramientas"}}, {"model": "contenttypes.contenttype", "fields": {"app_label": "recursosHumanos", "model": "registrohorastecnico"}}, {"model": "contenttypes.contenttype", "fields": {"app_label": "recursosHumanos", "model": "prestamoherramienta"}}, {"model": "contenttypes.contenttype", "fields": {"app_label": "recursosHumanos", "model": "evaluacionsistema"}}, {"model": "contenttypes.contenttype", "fields": {"app_label": "recursosHumanos", "model": "competenciatecnico"}}, {"model": "contenttypes.contenttype", "fields": {"app_label": "gestionDeTaller", "model": "evidencia"}}, {"model": "contenttypes.contenttype", "fields": {"app_label": "gestionDeTaller", "model": "checklistsalidacampo"}}, {"model": "sessions.session", "pk": "24rh5pu1itc8i05su2unfsi512tghckn", "fields": {"session_data": ".eJxVjEEOwiAQRe_C2hBhKBCX7j0DmWGmUjWQlHZlvLtt0oVu33v_v1XCdSlp7TKnidVFgTr9MsL8lLoLfmC9N51bXeaJ9J7ow3Z9ayyv69H-HRTsZVtHBuEAYsEHFopM1ntkjtFlMDYOaNChRdoIUbZDhpFGNMHhObjs1ecLAio4tw:1t982o:0jSj0jRN_P-N7DXYcnI8IK_56AIM03jaUU-yT-4N234", "expire_date": "2024-11-07T20:19:50.269Z"}}, {"model": "sessions.session", "pk": "35e4nmw3f92mhsj4hg2c93fvvvrsnnb2", "fields": {"session_data": ".eJxVjEEOwiAQRe_C2pACHYa6dO8ZyACDVA0kpV0Z765NutDtf-_9l_C0rcVvnRc_J3EWWpx-t0DxwXUH6U711mRsdV3mIHdFHrTLa0v8vBzu30GhXr71wJiNzsgjMGmXLSQy2mAOOCmHCgbLyNZhTiHD5CioFC2MlhkiBCveH-aFOCY:1tCmwF:rqKWLZ_SEPYDl-07p9bWzKgSAhcgTgF13NOY0pKoWY0", "expire_date": "2024-11-17T22:36:11.789Z"}}, {"model": "sessions.session", "pk": "5xk9z2heyt0p545br7ine6nsjz90gp6o", "fields": {"session_data": ".eJxVjDsOwjAQBe_iGlnrP6akzxmstXeNAyiW8qkQd4dIKaB9M_NeIuG2trQtPKeRxEUocfrdMpYHTzugO063Lkuf1nnMclfkQRc5dOLn9XD_Dhou7VvHiNnFSNEz5oiGFSmGbD0E0I4MARvMulgAqFWzVsad0bMuYEMNQbw_6iQ3wA:1t96fO:YlMsMnfGFdhzVa7VYv7G8-rhwEBIQBcZ4Rn1nH_LQyo", "expire_date": "2024-11-07T18:51:34.561Z"}}, {"model": "sessions.session", "pk": "ahmxq66vwrnaskwcsx376ias6hg6p7qr", "fields": {"session_data": ".eJxVjMsOwiAQRf-FtSE8OhRcuvcbCDNDpWogKe3K-O_apAvd3nPOfYmYtrXEreclzizOYhCn3w0TPXLdAd9TvTVJra7LjHJX5EG7vDbOz8vh_h2U1Mu3BgA1gncaEZNNpFHjRN6YPARS2gXLMJFSWWMAZvIWjDEjg2OniEG8P94DN8A:1t8gdL:rieuitbOl3UaJwl1kop5rRIj5mItB8y6BjwZCFRdppI", "expire_date": "2024-11-20T14:03:43.333Z"}}, {"model": "sessions.session", "pk": "ajpr6j8sdjg8sa44f3iro05ivreqlgcq", "fields": {"session_data": ".eJxVjDsOwjAQBe_iGlnrP6akzxmstXeNAyiW8qkQd4dIKaB9M_NeIuG2trQtPKeRxEUocfrdMpYHTzugO063Lkuf1nnMclfkQRc5dOLn9XD_Dhou7VvHiNnFSNEz5oiGFSmGbD0E0I4MARvMulgAqFWzVsad0bMuYEMNQbw_6iQ3wA:1t95W4:ZrAaEnIQFlE9BxVLjX6QyMH0jH9nnowk6ByVy-9rofU", "expire_date": "2024-11-07T17:37:52.416Z"}}, {"model": "sessions.session", "pk": "ctz6f4oj6nw5za8xk1vvf9xd20k2mzez", "fields": {"session_data": ".eJxVjDsOwjAQBe_iGlnrP6akzxmstXeNAyiW8qkQd4dIKaB9M_NeIuG2trQtPKeRxEUocfrdMpYHTzugO063Lkuf1nnMclfkQRc5dOLn9XD_Dhou7VvHiNnFSNEz5oiGFSmGbD0E0I4MARvMulgAqFWzVsad0bMuYEMNQbw_6iQ3wA:1t9nk8:CQ9Je27pXi8kj4VXbbptm4sKsTPL73V3lDtDhbiBRXs", "expire_date": "2024-11-09T16:51:20.930Z"}}, {"model": "sessions.session", "pk": "iz714dakd95vap0qqw6vl7rq4s01rxs7", "fields": {"session_data": "e30:1t846C:gWTP3hGHT9EEZ0OX31BN6tz1_xkQ85w_cLKchVKWhks", "expire_date": "2024-11-18T20:54:56.663Z"}}, {"model": "sessions.session", "pk": "jqvdyvom5xo3z1mfjtuihct6w2800805", "fields": {"session_data": ".eJxVjEEOwiAQRe_C2hBhKBCX7j0DmWGmUjWQlHZlvLtt0oVu33v_v1XCdSlp7TKnidVFgTr9MsL8lLoLfmC9N51bXeaJ9J7ow3Z9ayyv69H-HRTsZVtHBuEAYsEHFopM1ntkjtFlMDYOaNChRdoIUbZDhpFGNMHhObjs1ecLAio4tw:1t83du:MxaTj1cl-m5XsSUi_GFnB72QZyvbw1uupu67KnocXMo", "expire_date": "2024-11-18T20:25:42.946Z"}}, {"model": "sessions.session", "pk": "memuqprykegmb7bwurrxmdnf8avmv0do", "fields": {"session_data": ".eJxVjDsOwjAQBe_iGlnrP6akzxmstXeNAyiW8qkQd4dIKaB9M_NeIuG2trQtPKeRxEUocfrdMpYHTzugO063Lkuf1nnMclfkQRc5dOLn9XD_Dhou7VvHiNnFSNEz5oiGFSmGbD0E0I4MARvMulgAqFWzVsad0bMuYEMNQbw_6iQ3wA:1tCmcw:HTjluERZmpO6he8SQjgzLU_wKmrX6i0m-7ByT90FXfo", "expire_date": "2024-11-17T22:16:14.297Z"}}, {"model": "sessions.session", "pk": "nouc60adj2jo7i6nwhzy8dj7oc3ak30w", "fields": {"session_data": ".eJxVjDsOwjAQBe_iGlnrP6akzxmstXeNAyiW8qkQd4dIKaB9M_NeIuG2trQtPKeRxEUocfrdMpYHTzugO063Lkuf1nnMclfkQRc5dOLn9XD_Dhou7VvHiNnFSNEz5oiGFSmGbD0E0I4MARvMulgAqFWzVsad0bMuYEMNQbw_6iQ3wA:1t9S2E:uiBZ1Ry_KGkSwU5QfPI_EBUfe_MS4shH5VlnHsedFgo", "expire_date": "2024-11-08T17:40:34.783Z"}}, {"model": "sessions.session", "pk": "os4dfixck2yaxvt8ode8fq3ipq2wzp8g", "fields": {"session_data": ".eJxVjMsOwiAQRf-FtSE8OhRcuvcbCDNDpWogKe3K-O_apAvd3nPOfYmYtrXEreclzizOYhCn3w0TPXLdAd9TvTVJra7LjHJX5EG7vDbOz8vh_h2U1Mu3BgA1gncaEZNNpFHjRN6YPARS2gXLMJFSWWMAZvIWjDEjg2OniEG8P94DN8A:1tCnSh:l1cbXEhYi4mRYPt9Z_V7nBRStXyEoSByuIg3xF2lFqE", "expire_date": "2024-11-17T23:09:43.434Z"}}, {"model": "sessions.session", "pk": "r722a1xea4eeqstvcg3h7mo6vbf8px1k", "fields": {"session_data": "e30:1t84AZ:u8NlaJvVCJaXd8hSyAvbCs0c4v0Dy2tWJCrijn62vic", "expire_date": "2024-11-18T20:59:27.927Z"}}, {"model": "sessions.session", "pk": "u9w49x1q8jnlfcd7o5ojkbwn35jo6yje", "fields": {"session_data": ".eJxVjDsOwjAQBe_iGlnrP6akzxmstXeNAyiW8qkQd4dIKaB9M_NeIuG2trQtPKeRxEUocfrdMpYHTzugO063Lkuf1nnMclfkQRc5dOLn9XD_Dhou7VvHiNnFSNEz5oiGFSmGbD0E0I4MARvMulgAqFWzVsad0bMuYEMNQbw_6iQ3wA:1t932l:CZgnnf7BlA2beCth_22CTAlEq-Z2UdlZXxU_AH6q7-g", "expire_date": "2024-11-07T14:59:27.257Z"}}, {"model": "sessions.session", "pk": "vzda19qq88l1wdco7umj7pz6onvk4dpl", "fields": {"session_data": ".eJxVjDsOwjAQBe_iGlnrP6akzxmstXeNAyiW8qkQd4dIKaB9M_NeIuG2trQtPKeRxEUocfrdMpYHTzugO063Lkuf1nnMclfkQRc5dOLn9XD_Dhou7VvHiNnFSNEz5oiGFSmGbD0E0I4MARvMulgAqFWzVsad0bMuYEMNQbw_6iQ3wA:1tCotk:pVXxwyIkivuZonxqm9hE3tCXwm4UOSxwnOQcznkPnUc", "expire_date": "2024-11-18T00:41:44.224Z"}}, {"model": "sessions.session", "pk": "x6fmjf9l9k7wo5wzxhsonwrrku1g5epb", "fields": {"session_data": ".eJxVjDsOwjAQBe_iGlnrP6akzxmstXeNAyiW8qkQd4dIKaB9M_NeIuG2trQtPKeRxEUocfrdMpYHTzugO063Lkuf1nnMclfkQRc5dOLn9XD_Dhou7VvHiNnFSNEz5oiGFSmGbD0E0I4MARvMulgAqFWzVsad0bMuYEMNQbw_6iQ3wA:1t9UYF:Q0mFNtdy7D4gh0u0J6Q-bBvuzlFen3lxX7f1QKPpSSQ", "expire_date": "2024-11-08T20:21:47.580Z"}}, {"model": "sessions.session", "pk": "yyx1qd203hwwccr01tgeeq2y2xg3bjbh", "fields": {"session_data": ".eJxVjDsOwjAQBe_iGlnrP6akzxmstXeNAyiW8qkQd4dIKaB9M_NeIuG2trQtPKeRxEUocfrdMpYHTzugO063Lkuf1nnMclfkQRc5dOLn9XD_Dhou7VvHiNnFSNEz5oiGFSmGbD0E0I4MARvMulgAqFWzVsad0bMuYEMNQbw_6iQ3wA:1tCnbq:kdSX8aeuPmpwZsXdjvtsdOm-R1MPWr9jDC7aV3SRdO4", "expire_date": "2024-11-17T23:19:10.738Z"}}, {"model": "sessions.session", "pk": "zh7jviofbaobi8geo55h3apxcu367kvj", "fields": {"session_data": ".eJxVjDsOwjAQBe_iGlnrP6akzxmstXeNAyiW8qkQd4dIKaB9M_NeIuG2trQtPKeRxEUocfrdMpYHTzugO063Lkuf1nnMclfkQRc5dOLn9XD_Dhou7VvHiNnFSNEz5oiGFSmGbD0E0I4MARvMulgAqFWzVsad0bMuYEMNQbw_6iQ3wA:1t97sG:dgJs_kWwjYBpgsMrAc7KSfklsd9ER1DHs7HzUknUa9Q", "expire_date": "2024-11-07T20:08:56.219Z"}}, {"model": "clientes.cliente", "pk": 1, "fields": {"tipo": "EMPRESA", "sucursal": 1, "razon_social": "Constructora Vial Fueguina S.A", "nombre_fantasia": "Convialfue", "cuit": "3070927909", "email": "estebancvf@gmail.com", "telefono": "02901469080", "direccion": "Cabo Nicolas Flores 221", "codigo_postal": "9410", "ciudad": 3, "provincia": 1, "observaciones": "", "activo": true, "fecha_creacion": "2024-11-04T16:30:51.036Z", "fecha_modificacion": "2024-11-04T16:34:52.635Z"}}, {"model": "clientes.cliente", "pk": 2, "fields": {"tipo": "PARTICULAR", "sucursal": 1, "razon_social": "Florencio Chavarria", "nombre_fantasia": "", "cuit": "20939104977", "email": "florencio_chavarria@gmail.com", "telefono": "2901468974", "direccion": "FRANCISCO TORRES 1280", "codigo_postal": "9410", "ciudad": 3, "provincia": 1, "observaciones": "", "activo": false, "fecha_creacion": "2024-11-05T00:39:25.587Z", "fecha_modificacion": "2024-11-05T00:39:25.587Z"}}, {"model": "clientes.cliente", "pk": 3, "fields": {"tipo": "EMPRESA", "sucursal": 2, "razon_social": "Piedra Pampa SRL", "nombre_fantasia": "", "cuit": "33711909929", "email": "compras@piedrapampa.com.ar", "telefono": "2974127947", "direccion": "Santiago Farrell 255", "codigo_postal": "9000", "ciudad": 2, "provincia": 3, "observaciones": "", "activo": false, "fecha_creacion": "2024-11-05T17:46:17.217Z", "fecha_modificacion": "2024-11-05T17:46:17.217Z"}}, {"model": "clientes.cliente", "pk": 4, "fields": {"tipo": "PARTICULAR", "sucursal": 1, "razon_social": "Maxi Caamano", "nombre_fantasia": "", "cuit": "20332670175", "email": "caamaniom@gmail.com", "telefono": "1163067432", "direccion": "Vicente Lopez 205", "codigo_postal": "9420", "ciudad": 1, "provincia": 1, "observaciones": "", "activo": false, "fecha_creacion": "2024-11-07T00:26:29.293Z", "fecha_modificacion": "2024-11-07T00:26:29.293Z"}}, {"model": "clientes.contactocliente", "pk": 1, "fields": {"cliente": 1, "nombre": "Esteban", "apellido": "Bronzovich", "rol": "GERENTE", "email": "estebanbro@yahoo.com.ar", "telefono_fijo": "", "telefono_celular": "2901415493", "es_contacto_principal": true, "activo": true, "fecha_creacion": "2024-11-04T16:43:50.053Z", "fecha_modificacion": "2024-11-04T16:43:50.053Z"}}, {"model": "clientes.contactocliente", "pk": 2, "fields": {"cliente": 1, "nombre": "Gerardo", "apellido": "Pitoisee", "rol": "GERENTE", "email": "gerenciacvf@yahoo.com", "telefono_fijo": "", "telefono_celular": "", "es_contacto_principal": false, "activo": true, "fecha_creacion": "2024-11-04T16:47:18.436Z", "fecha_modificacion": "2024-11-04T16:47:18.436Z"}}, {"model": "clientes.tipoequipo", "pk": 1, "fields": {"nombre": "Retroexcavadora", "descripcion": "", "activo": true}}, {"model": "clientes.tipoequipo", "pk": 2, "fields": {"nombre": "Excavadora", "descripcion": "", "activo": true}}, {"model": "clientes.tipoequipo", "pk": 3, "fields": {"nombre": "Cargadora Frontal", "descripcion": "", "activo": true}}, {"model": "clientes.tipoequipo", "pk": 4, "fields": {"nombre": "Mini Cargadora", "descripcion": "", "activo": true}}, {"model": "clientes.tipoequipo", "pk": 5, "fields": {"nombre": "Mini Excavadora", "descripcion": "", "activo": true}}, {"model": "clientes.tipoequipo", "pk": 6, "fields": {"nombre": "Topadora", "descripcion": "", "activo": true}}, {"model": "clientes.tipoequipo", "pk": 7, "fields": {"nombre": "Grupo Electrógeno", "descripcion": "", "activo": true}}, {"model": "clientes.tipoequipo", "pk": 8, "fields": {"nombre": "Motoniveladora", "descripcion": "", "activo": true}}, {"model": "clientes.tipoequipo", "pk": 9, "fields": {"nombre": "Skidder", "descripcion": "", "activo": true}}, {"model": "clientes.modeloequipo", "pk": 1, "fields": {"tipo_equipo": 1, "nombre": "310 SL", "marca": "John Deere", "descripcion": "Origen Americana", "activo": true}}, {"model": "clientes.modeloequipo", "pk": 2, "fields": {"tipo_equipo": 1, "nombre": "310 SJ", "marca": "John Deere", "descripcion": "", "activo": true}}, {"model": "clientes.modeloequipo", "pk": 3, "fields": {"tipo_equipo": 1, "nombre": "310 SK", "marca": "John Deere", "descripcion": "", "activo": true}}, {"model": "clientes.modeloequipo", "pk": 4, "fields": {"tipo_equipo": 1, "nombre": "310 L", "marca": "John Deere", "descripcion": "", "activo": true}}, {"model": "clientes.modeloequipo", "pk": 5, "fields": {"tipo_equipo": 2, "nombre": "210 G", "marca": "John Deere", "descripcion": "", "activo": true}}, {"model": "clientes.modeloequipo", "pk": 6, "fields": {"tipo_equipo": 8, "nombre": "670 G", "marca": "John Deere", "descripcion": "", "activo": true}}, {"model": "clientes.modeloequipo", "pk": 7, "fields": {"tipo_equipo": 3, "nombre": "WL 56", "marca": "John Deere", "descripcion": "", "activo": true}}, {"model": "clientes.modeloequipo", "pk": 8, "fields": {"tipo_equipo": 2, "nombre": "160 G", "marca": "John Deere", "descripcion": "", "activo": true}}, {"model": "clientes.modeloequipo", "pk": 9, "fields": {"tipo_equipo": 2, "nombre": "130 G", "marca": "John Deere", "descripcion": "", "activo": true}}, {"model": "clientes.modeloequipo", "pk": 10, "fields": {"tipo_equipo": 1, "nombre": "310 E", "marca": "John Deere", "descripcion": "", "activo": true}}, {"model": "clientes.modelomotor", "pk": 1, "fields": {"nombre": "4045HT067", "descripcion": "", "activo": true}}, {"model": "clientes.equipo", "pk": 1, "fields": {"cliente": 1, "modelo": 9, "numero_serie": "1FF130GXPGD041225", "modelo_motor": 1, "numero_serie_motor": "PE4045L996289", "año_fabricacion": 2016, "fecha_venta": "2018-01-07", "estado": "ACTIVO", "notas": "", "activo": true, "fecha_creacion": "2024-11-04T17:46:24.250Z", "fecha_modificacion": "2024-11-04T17:46:24.250Z", "ultima_hora_registrada": null}}, {"model": "clientes.equipo", "pk": 2, "fields": {"cliente": 2, "modelo": 10, "numero_serie": "T0310EX844334", "modelo_motor": 1, "numero_serie_motor": "T04045D757007", "año_fabricacion": 1998, "fecha_venta": "2023-01-01", "estado": "ACTIVO", "notas": "", "activo": true, "fecha_creacion": "2024-11-05T00:43:35.132Z", "fecha_modificacion": "2024-11-05T00:43:35.132Z", "ultima_hora_registrada": null}}, {"model": "clientes.equipo", "pk": 3, "fields": {"cliente": 3, "modelo": 7, "numero_serie": "1123", "modelo_motor": 1, "numero_serie_motor": "123", "año_fabricacion": 2023, "fecha_venta": "2024-05-02", "estado": "ACTIVO", "notas": "", "activo": true, "fecha_creacion": "2024-11-06T14:09:01.855Z", "fecha_modificacion": "2024-11-07T00:24:21.293Z", "ultima_hora_registrada": "10.00"}}, {"model": "clientes.equipo", "pk": 4, "fields": {"cliente": 4, "modelo": 9, "numero_serie": "T0130GX844334", "modelo_motor": 1, "numero_serie_motor": "T04045D757007", "año_fabricacion": 2023, "fecha_venta": "2024-11-01", "estado": "ACTIVO", "notas": "", "activo": true, "fecha_creacion": "2024-11-07T00:26:55.260Z", "fecha_modificacion": "2024-11-08T13:30:09.319Z", "ultima_hora_registrada": "650.00"}}, {"model": "gestionDeTaller.solicitudtrabajo", "pk": 1, "fields": {"nombre": "Servicio 250 Hs", "descripcion": "", "tmo_estimado": "3.00", "activo": true}}, {"model": "gestionDeTaller.solicitudtrabajo", "pk": 2, "fields": {"nombre": "Servicio 500 Hs", "descripcion": "", "tmo_estimado": "6.00", "activo": true}}, {"model": "gestionDeTaller.solicitudtrabajo", "pk": 3, "fields": {"nombre": "Servicio 1000 Hs", "descripcion": "", "tmo_estimado": "8.00", "activo": true}}, {"model": "gestionDeTaller.solicitudtrabajo", "pk": 4, "fields": {"nombre": "Servicio 2000 Hs", "descripcion": "", "tmo_estimado": "12.00", "activo": true}}, {"model": "gestionDeTaller.solicitudtrabajo", "pk": 5, "fields": {"nombre": "Servicio 4000 Hs", "descripcion": "", "tmo_estimado": "14.00", "activo": true}}, {"model": "gestionDeTaller.solicitudtrabajo", "pk": 6, "fields": {"nombre": "Reparacion", "descripcion": "", "tmo_estimado": "8.00", "activo": true}}, {"model": "gestionDeTaller.solicitudtrabajo", "pk": 7, "fields": {"nombre": "Diagnostico", "descripcion": "", "tmo_estimado": "8.00", "activo": true}}, {"model": "gestionDeTaller.codigoerror", "pk": 1, "fields": {"codigo": "524272.05", "descripcion": "Transmission Clutch circuit fault", "subsistema": "TCU", "activo": true}}, {"model": "recursosHumanos.provincia", "pk": 1, "fields": {"nombre": "Tierra del Fuego", "activo": true, "fecha_creacion": "2024-11-04T03:40:39.820Z", "fecha_modificacion": "2024-11-04T03:40:39.820Z"}}, {"model": "recursosHumanos.provincia", "pk": 2, "fields": {"nombre": "Santa Cruz", "activo": true, "fecha_creacion": "2024-11-04T12:26:07.995Z", "fecha_modificacion": "2024-11-04T12:26:07.995Z"}}, {"model": "recursosHumanos.provincia", "pk": 3, "fields": {"nombre": "Chubut", "activo": true, "fecha_creacion": "2024-11-04T12:26:12.204Z", "fecha_modificacion": "2024-11-04T12:27:21.579Z"}}, {"model": "recursosHumanos.ciudad", "pk": 1, "fields": {"nombre": "Rio Grande", "provincia": 1, "activo": true, "fecha_creacion": "2024-11-04T03:40:59.234Z", "fecha_modificacion": "2024-11-04T16:21:10.976Z"}}, {"model": "recursosHumanos.ciudad", "pk": 2, "fields": {"nombre": "Comodoro Rivadavia", "provincia": 3, "activo": true, "fecha_creacion": "2024-11-04T12:25:57.290Z", "fecha_modificacion": "2024-11-04T16:21:07.428Z"}}, {"model": "recursosHumanos.ciudad", "pk": 3, "fields": {"nombre": "Ushuaia", "provincia": 1, "activo": true, "fecha_creacion": "2024-11-04T16:21:19.289Z", "fecha_modificacion": "2024-11-04T16:21:19.289Z"}}, {"model": "recursosHumanos.ciudad", "pk": 4, "fields": {"nombre": "Caleta Oliva", "provincia": 2, "activo": true, "fecha_creacion": "2024-11-04T16:21:26.486Z", "fecha_modificacion": "2024-11-04T16:21:26.486Z"}}, {"model": "recursosHumanos.ciudad", "pk": 5, "fields": {"nombre": "Rio Gallegos", "provincia": 2, "activo": true, "fecha_creacion": "2024-11-04T16:21:31.547Z", "fecha_modificacion": "2024-11-04T16:21:31.547Z"}}, {"model": "recursosHumanos.sucursal", "pk": 1, "fields": {"nombre": "Casa Central", "direccion": "Ruta 3 KM 2815", "ciudad": 1, "provincia": 1, "activo": true, "fecha_creacion": "2024-11-04T03:42:01.496Z", "fecha_modificacion": "2024-11-04T12:26:42.421Z"}}, {"model": "recursosHumanos.sucursal", "pk": 2, "fields": {"nombre": "Comodoro Rivadavia", "direccion": "Manuel de Arburua 3175", "ciudad": 2, "provincia": 3, "activo": true, "fecha_creacion": "2024-11-04T12:27:22.990Z", "fecha_modificacion": "2024-11-04T12:27:22.990Z"}}, {"model": "recursosHumanos.tarifamanoobra", "pk": 3, "fields": {"tipo": "INDIVIDUAL", "tipo_servicio": "TALLER", "valor_hora": "70.00", "fecha_vigencia": "2024-11-04", "activo": true}}, {"model": "recursosHumanos.tarifamanoobra", "pk": 4, "fields": {"tipo": "MULTIPLE", "tipo_servicio": "TALLER", "valor_hora": "105.00", "fecha_vigencia": "2024-11-04", "activo": true}}, {"model": "recursosHumanos.tarifamanoobra", "pk": 5, "fields": {"tipo": "INDIVIDUAL", "tipo_servicio": "CAMPO", "valor_hora": "80.00", "fecha_vigencia": "2024-11-04", "activo": true}}, {"model": "recursosHumanos.tarifamanoobra", "pk": 6, "fields": {"tipo": "MULTIPLE", "tipo_servicio": "CAMPO", "valor_hora": "120.00", "fecha_vigencia": "2024-11-04", "activo": true}}, {"model": "recursosHumanos.tipohoratrabajo", "pk": 1, "fields": {"nombre": "Servicio", "categoria": "PRODUCTIVA", "descripcion": "", "activo": true}}, {"model": "recursosHumanos.tipohoratrabajo", "pk": 2, "fields": {"nombre": "Preparación para Servicio", "categoria": "PRODUCTIVA", "descripcion": "", "activo": true}}, {"model": "recursosHumanos.tipohoratrabajo", "pk": 3, "fields": {"nombre": "Retrabajo", "categoria": "NO_PRODUCTIVA", "descripcion": "", "activo": true}}, {"model": "recursosHumanos.tipohoratrabajo", "pk": 4, "fields": {"nombre": "Ausencia", "categoria": "AUSENCIA", "descripcion": "", "activo": true}}, {"model": "recursosHumanos.tipohoratrabajo", "pk": 5, "fields": {"nombre": "Vacaciones", "categoria": "AUSENCIA", "descripcion": "", "activo": true}}, {"model": "recursosHumanos.tipohoratrabajo", "pk": 6, "fields": {"nombre": "Limpieza de taller", "categoria": "NO_PRODUCTIVA", "descripcion": "", "activo": true}}, {"model": "recursosHumanos.tipohoratrabajo", "pk": 7, "fields": {"nombre": "Capacitación", "categoria": "NO_PRODUCTIVA", "descripcion": "", "activo": true}}, {"model": "recursosHumanos.tipohoratrabajo", "pk": 8, "fields": {"nombre": "Organización", "categoria": "NO_PRODUCTIVA", "descripcion": "", "activo": true}}, {"model": "recursosHumanos.tipohoratrabajo", "pk": 9, "fields": {"nombre": "Traslado a campo", "categoria": "PRODUCTIVA", "descripcion": "", "activo": true}}, {"model": "auth.permission", "fields": {"name": "Can add log entry", "content_type": ["admin", "logentry"], "codename": "add_logentry"}}, {"model": "auth.permission", "fields": {"name": "Can change log entry", "content_type": ["admin", "logentry"], "codename": "change_logentry"}}, {"model": "auth.permission", "fields": {"name": "Can delete log entry", "content_type": ["admin", "logentry"], "codename": "delete_logentry"}}, {"model": "auth.permission", "fields": {"name": "Can view log entry", "content_type": ["admin", "logentry"], "codename": "view_logentry"}}, {"model": "auth.permission", "fields": {"name": "Can add permission", "content_type": ["auth", "permission"], "codename": "add_permission"}}, {"model": "auth.permission", "fields": {"name": "Can change permission", "content_type": ["auth", "permission"], "codename": "change_permission"}}, {"model": "auth.permission", "fields": {"name": "Can delete permission", "content_type": ["auth", "permission"], "codename": "delete_permission"}}, {"model": "auth.permission", "fields": {"name": "Can view permission", "content_type": ["auth", "permission"], "codename": "view_permission"}}, {"model": "auth.permission", "fields": {"name": "Can add group", "content_type": ["auth", "group"], "codename": "add_group"}}, {"model": "auth.permission", "fields": {"name": "Can change group", "content_type": ["auth", "group"], "codename": "change_group"}}, {"model": "auth.permission", "fields": {"name": "Can delete group", "content_type": ["auth", "group"], "codename": "delete_group"}}, {"model": "auth.permission", "fields": {"name": "Can view group", "content_type": ["auth", "group"], "codename": "view_group"}}, {"model": "auth.permission", "fields": {"name": "Can add content type", "content_type": ["contenttypes", "contenttype"], "codename": "add_contenttype"}}, {"model": "auth.permission", "fields": {"name": "Can change content type", "content_type": ["contenttypes", "contenttype"], "codename": "change_contenttype"}}, {"model": "auth.permission", "fields": {"name": "Can delete content type", "content_type": ["contenttypes", "contenttype"], "codename": "delete_contenttype"}}, {"model": "auth.permission", "fields": {"name": "Can view content type", "content_type": ["contenttypes", "contenttype"], "codename": "view_contenttype"}}, {"model": "auth.permission", "fields": {"name": "Can add session", "content_type": ["sessions", "session"], "codename": "add_session"}}, {"model": "auth.permission", "fields": {"name": "Can change session", "content_type": ["sessions", "session"], "codename": "change_session"}}, {"model": "auth.permission", "fields": {"name": "Can delete session", "content_type": ["sessions", "session"], "codename": "delete_session"}}, {"model": "auth.permission", "fields": {"name": "Can view session", "content_type": ["sessions", "session"], "codename": "view_session"}}, {"model": "auth.permission", "fields": {"name": "Can add Cliente", "content_type": ["clientes", "cliente"], "codename": "add_cliente"}}, {"model": "auth.permission", "fields": {"name": "Can change Cliente", "content_type": ["clientes", "cliente"], "codename": "change_cliente"}}, {"model": "auth.permission", "fields": {"name": "Can delete Cliente", "content_type": ["clientes", "cliente"], "codename": "delete_cliente"}}, {"model": "auth.permission", "fields": {"name": "Can view Cliente", "content_type": ["clientes", "cliente"], "codename": "view_cliente"}}, {"model": "auth.permission", "fields": {"name": "Can add Contacto de Cliente", "content_type": ["clientes", "contactocliente"], "codename": "add_contactocliente"}}, {"model": "auth.permission", "fields": {"name": "Can change Contacto de Cliente", "content_type": ["clientes", "contactocliente"], "codename": "change_contactocliente"}}, {"model": "auth.permission", "fields": {"name": "Can delete Contacto de Cliente", "content_type": ["clientes", "contactocliente"], "codename": "delete_contactocliente"}}, {"model": "auth.permission", "fields": {"name": "Can view Contacto de Cliente", "content_type": ["clientes", "contactocliente"], "codename": "view_contactocliente"}}, {"model": "auth.permission", "fields": {"name": "Can add equipo", "content_type": ["clientes", "equipo"], "codename": "add_equipo"}}, {"model": "auth.permission", "fields": {"name": "Can change equipo", "content_type": ["clientes", "equipo"], "codename": "change_equipo"}}, {"model": "auth.permission", "fields": {"name": "Can delete equipo", "content_type": ["clientes", "equipo"], "codename": "delete_equipo"}}, {"model": "auth.permission", "fields": {"name": "Can view equipo", "content_type": ["clientes", "equipo"], "codename": "view_equipo"}}, {"model": "auth.permission", "fields": {"name": "Can add Modelo de Equipo", "content_type": ["clientes", "modeloequipo"], "codename": "add_modeloequipo"}}, {"model": "auth.permission", "fields": {"name": "Can change Modelo de Equipo", "content_type": ["clientes", "modeloequipo"], "codename": "change_modeloequipo"}}, {"model": "auth.permission", "fields": {"name": "Can delete Modelo de Equipo", "content_type": ["clientes", "modeloequipo"], "codename": "delete_modeloequipo"}}, {"model": "auth.permission", "fields": {"name": "Can view Modelo de Equipo", "content_type": ["clientes", "modeloequipo"], "codename": "view_modeloequipo"}}, {"model": "auth.permission", "fields": {"name": "Can add Modelo de Motor", "content_type": ["clientes", "modelomotor"], "codename": "add_modelomotor"}}, {"model": "auth.permission", "fields": {"name": "Can change Modelo de Motor", "content_type": ["clientes", "modelomotor"], "codename": "change_modelomotor"}}, {"model": "auth.permission", "fields": {"name": "Can delete Modelo de Motor", "content_type": ["clientes", "modelomotor"], "codename": "delete_modelomotor"}}, {"model": "auth.permission", "fields": {"name": "Can view Modelo de Motor", "content_type": ["clientes", "modelomotor"], "codename": "view_modelomotor"}}, {"model": "auth.permission", "fields": {"name": "Can add Tipo de Equipo", "content_type": ["clientes", "tipoequipo"], "codename": "add_tipoequipo"}}, {"model": "auth.permission", "fields": {"name": "Can change Tipo de Equipo", "content_type": ["clientes", "tipoequipo"], "codename": "change_tipoequipo"}}, {"model": "auth.permission", "fields": {"name": "Can delete Tipo de Equipo", "content_type": ["clientes", "tipoequipo"], "codename": "delete_tipoequipo"}}, {"model": "auth.permission", "fields": {"name": "Can view Tipo de Equipo", "content_type": ["clientes", "tipoequipo"], "codename": "view_tipoequipo"}}, {"model": "auth.permission", "fields": {"name": "Can add registro horometro", "content_type": ["clientes", "registrohorometro"], "codename": "add_registrohorometro"}}, {"model": "auth.permission", "fields": {"name": "Can change registro horometro", "content_type": ["clientes", "registrohorometro"], "codename": "change_registrohorometro"}}, {"model": "auth.permission", "fields": {"name": "Can delete registro horometro", "content_type": ["clientes", "registrohorometro"], "codename": "delete_registrohorometro"}}, {"model": "auth.permission", "fields": {"name": "Can view registro horometro", "content_type": ["clientes", "registrohorometro"], "codename": "view_registrohorometro"}}, {"model": "auth.permission", "fields": {"name": "Can add analisis cliente", "content_type": ["crm", "analisiscliente"], "codename": "add_analisiscliente"}}, {"model": "auth.permission", "fields": {"name": "Can change analisis cliente", "content_type": ["crm", "analisiscliente"], "codename": "change_analisiscliente"}}, {"model": "auth.permission", "fields": {"name": "Can delete analisis cliente", "content_type": ["crm", "analisiscliente"], "codename": "delete_analisiscliente"}}, {"model": "auth.permission", "fields": {"name": "Can view analisis cliente", "content_type": ["crm", "analisiscliente"], "codename": "view_analisiscliente"}}, {"model": "auth.permission", "fields": {"name": "Can add campania", "content_type": ["crm", "campania"], "codename": "add_campania"}}, {"model": "auth.permission", "fields": {"name": "Can change campania", "content_type": ["crm", "campania"], "codename": "change_campania"}}, {"model": "auth.permission", "fields": {"name": "Can delete campania", "content_type": ["crm", "campania"], "codename": "delete_campania"}}, {"model": "auth.permission", "fields": {"name": "Can view campania", "content_type": ["crm", "campania"], "codename": "view_campania"}}, {"model": "auth.permission", "fields": {"name": "Can add potencial compra modelo", "content_type": ["crm", "potencialcompramodelo"], "codename": "add_potencialcompramodelo"}}, {"model": "auth.permission", "fields": {"name": "Can change potencial compra modelo", "content_type": ["crm", "potencialcompramodelo"], "codename": "change_potencialcompramodelo"}}, {"model": "auth.permission", "fields": {"name": "Can delete potencial compra modelo", "content_type": ["crm", "potencialcompramodelo"], "codename": "delete_potencialcompramodelo"}}, {"model": "auth.permission", "fields": {"name": "Can view potencial compra modelo", "content_type": ["crm", "potencialcompramodelo"], "codename": "view_potencialcompramodelo"}}, {"model": "auth.permission", "fields": {"name": "Can add contacto", "content_type": ["crm", "contacto"], "codename": "add_contacto"}}, {"model": "auth.permission", "fields": {"name": "Can change contacto", "content_type": ["crm", "contacto"], "codename": "change_contacto"}}, {"model": "auth.permission", "fields": {"name": "Can delete contacto", "content_type": ["crm", "contacto"], "codename": "delete_contacto"}}, {"model": "auth.permission", "fields": {"name": "Can view contacto", "content_type": ["crm", "contacto"], "codename": "view_contacto"}}, {"model": "auth.permission", "fields": {"name": "Can add analisis taller", "content_type": ["gestionDeTaller", "analisistaller"], "codename": "add_analisistaller"}}, {"model": "auth.permission", "fields": {"name": "Can change analisis taller", "content_type": ["gestionDeTaller", "analisistaller"], "codename": "change_analisistaller"}}, {"model": "auth.permission", "fields": {"name": "Can delete analisis taller", "content_type": ["gestionDeTaller", "analisistaller"], "codename": "delete_analisistaller"}}, {"model": "auth.permission", "fields": {"name": "Can view analisis taller", "content_type": ["gestionDeTaller", "analisistaller"], "codename": "view_analisistaller"}}, {"model": "auth.permission", "fields": {"name": "Can add Código de Error", "content_type": ["gestionDeTaller", "codigoerror"], "codename": "add_codigoerror"}}, {"model": "auth.permission", "fields": {"name": "Can change Código de Error", "content_type": ["gestionDeTaller", "codigoerror"], "codename": "change_codigoerror"}}, {"model": "auth.permission", "fields": {"name": "Can delete Código de Error", "content_type": ["gestionDeTaller", "codigoerror"], "codename": "delete_codigoerror"}}, {"model": "auth.permission", "fields": {"name": "Can view Código de Error", "content_type": ["gestionDeTaller", "codigoerror"], "codename": "view_codigoerror"}}, {"model": "auth.permission", "fields": {"name": "Can add costo personal taller", "content_type": ["gestionDeTaller", "costopersonaltaller"], "codename": "add_costopersonaltaller"}}, {"model": "auth.permission", "fields": {"name": "Can change costo personal taller", "content_type": ["gestionDeTaller", "costopersonaltaller"], "codename": "change_costopersonaltaller"}}, {"model": "auth.permission", "fields": {"name": "Can delete costo personal taller", "content_type": ["gestionDeTaller", "costopersonaltaller"], "codename": "delete_costopersonaltaller"}}, {"model": "auth.permission", "fields": {"name": "Can view costo personal taller", "content_type": ["gestionDeTaller", "costopersonaltaller"], "codename": "view_costopersonaltaller"}}, {"model": "auth.permission", "fields": {"name": "Can add gasto asistencia", "content_type": ["gestionDeTaller", "gastoasistencia"], "codename": "add_gastoasistencia"}}, {"model": "auth.permission", "fields": {"name": "Can change gasto asistencia", "content_type": ["gestionDeTaller", "gastoasistencia"], "codename": "change_gastoasistencia"}}, {"model": "auth.permission", "fields": {"name": "Can delete gasto asistencia", "content_type": ["gestionDeTaller", "gastoasistencia"], "codename": "delete_gastoasistencia"}}, {"model": "auth.permission", "fields": {"name": "Can view gasto asistencia", "content_type": ["gestionDeTaller", "gastoasistencia"], "codename": "view_gastoasistencia"}}, {"model": "auth.permission", "fields": {"name": "Can add Pedido de Repuestos y Terceros", "content_type": ["gestionDeTaller", "pedidorepuestosterceros"], "codename": "add_pedidorepuestosterceros"}}, {"model": "auth.permission", "fields": {"name": "Can change Pedido de Repuestos y Terceros", "content_type": ["gestionDeTaller", "pedidorepuestosterceros"], "codename": "change_pedidorepuestosterceros"}}, {"model": "auth.permission", "fields": {"name": "Can delete Pedido de Repuestos y Terceros", "content_type": ["gestionDeTaller", "pedidorepuestosterceros"], "codename": "delete_pedidorepuestosterceros"}}, {"model": "auth.permission", "fields": {"name": "Can view Pedido de Repuestos y Terceros", "content_type": ["gestionDeTaller", "pedidorepuestosterceros"], "codename": "view_pedidorepuestosterceros"}}, {"model": "auth.permission", "fields": {"name": "Can add Plan de Acción 5S", "content_type": ["gestionDeTaller", "planaccion5s"], "codename": "add_planaccion5s"}}, {"model": "auth.permission", "fields": {"name": "Can change Plan de Acción 5S", "content_type": ["gestionDeTaller", "planaccion5s"], "codename": "change_planaccion5s"}}, {"model": "auth.permission", "fields": {"name": "Can delete Plan de Acción 5S", "content_type": ["gestionDeTaller", "planaccion5s"], "codename": "delete_planaccion5s"}}, {"model": "auth.permission", "fields": {"name": "Can view Plan de Acción 5S", "content_type": ["gestionDeTaller", "planaccion5s"], "codename": "view_planaccion5s"}}, {"model": "auth.permission", "fields": {"name": "Can add Pre Orden", "content_type": ["gestionDeTaller", "preorden"], "codename": "add_preorden"}}, {"model": "auth.permission", "fields": {"name": "Can change Pre Orden", "content_type": ["gestionDeTaller", "preorden"], "codename": "change_preorden"}}, {"model": "auth.permission", "fields": {"name": "Can delete Pre Orden", "content_type": ["gestionDeTaller", "preorden"], "codename": "delete_preorden"}}, {"model": "auth.permission", "fields": {"name": "Can view Pre Orden", "content_type": ["gestionDeTaller", "preorden"], "codename": "view_preorden"}}, {"model": "auth.permission", "fields": {"name": "Can add Revisión 5S", "content_type": ["gestionDeTaller", "revision5s"], "codename": "add_revision5s"}}, {"model": "auth.permission", "fields": {"name": "Can change Revisión 5S", "content_type": ["gestionDeTaller", "revision5s"], "codename": "change_revision5s"}}, {"model": "auth.permission", "fields": {"name": "Can delete Revisión 5S", "content_type": ["gestionDeTaller", "revision5s"], "codename": "delete_revision5s"}}, {"model": "auth.permission", "fields": {"name": "Can view Revisión 5S", "content_type": ["gestionDeTaller", "revision5s"], "codename": "view_revision5s"}}, {"model": "auth.permission", "fields": {"name": "Can add servicio", "content_type": ["gestionDeTaller", "servicio"], "codename": "add_servicio"}}, {"model": "auth.permission", "fields": {"name": "Can change servicio", "content_type": ["gestionDeTaller", "servicio"], "codename": "change_servicio"}}, {"model": "auth.permission", "fields": {"name": "Can delete servicio", "content_type": ["gestionDeTaller", "servicio"], "codename": "delete_servicio"}}, {"model": "auth.permission", "fields": {"name": "Can view servicio", "content_type": ["gestionDeTaller", "servicio"], "codename": "view_servicio"}}, {"model": "auth.permission", "fields": {"name": "Can add tipo problema", "content_type": ["gestionDeTaller", "solicitudtrabajo"], "codename": "add_tipoproblema"}}, {"model": "auth.permission", "fields": {"name": "Can change tipo problema", "content_type": ["gestionDeTaller", "solicitudtrabajo"], "codename": "change_tipoproblema"}}, {"model": "auth.permission", "fields": {"name": "Can delete tipo problema", "content_type": ["gestionDeTaller", "solicitudtrabajo"], "codename": "delete_tipoproblema"}}, {"model": "auth.permission", "fields": {"name": "Can view tipo problema", "content_type": ["gestionDeTaller", "solicitudtrabajo"], "codename": "view_tipoproblema"}}, {"model": "auth.permission", "fields": {"name": "Can add venta repuesto", "content_type": ["gestionDeTaller", "ventarepuesto"], "codename": "add_ventarepuesto"}}, {"model": "auth.permission", "fields": {"name": "Can change venta repuesto", "content_type": ["gestionDeTaller", "ventarepuesto"], "codename": "change_ventarepuesto"}}, {"model": "auth.permission", "fields": {"name": "Can delete venta repuesto", "content_type": ["gestionDeTaller", "ventarepuesto"], "codename": "delete_ventarepuesto"}}, {"model": "auth.permission", "fields": {"name": "Can view venta repuesto", "content_type": ["gestionDeTaller", "ventarepuesto"], "codename": "view_ventarepuesto"}}, {"model": "auth.permission", "fields": {"name": "Can add Usuario", "content_type": ["recursosHumanos", "usuario"], "codename": "add_usuario"}}, {"model": "auth.permission", "fields": {"name": "Can change Usuario", "content_type": ["recursosHumanos", "usuario"], "codename": "change_usuario"}}, {"model": "auth.permission", "fields": {"name": "Can delete Usuario", "content_type": ["recursosHumanos", "usuario"], "codename": "delete_usuario"}}, {"model": "auth.permission", "fields": {"name": "Can view Usuario", "content_type": ["recursosHumanos", "usuario"], "codename": "view_usuario"}}, {"model": "auth.permission", "fields": {"name": "Can add certificacion jd", "content_type": ["recursosHumanos", "certificacionjd"], "codename": "add_certificacionjd"}}, {"model": "auth.permission", "fields": {"name": "Can change certificacion jd", "content_type": ["recursosHumanos", "certificacionjd"], "codename": "change_certificacionjd"}}, {"model": "auth.permission", "fields": {"name": "Can delete certificacion jd", "content_type": ["recursosHumanos", "certificacionjd"], "codename": "delete_certificacionjd"}}, {"model": "auth.permission", "fields": {"name": "Can view certificacion jd", "content_type": ["recursosHumanos", "certificacionjd"], "codename": "view_certificacionjd"}}, {"model": "auth.permission", "fields": {"name": "Can add certificacion tecnico", "content_type": ["recursosHumanos", "certificaciontecnico"], "codename": "add_certificaciontecnico"}}, {"model": "auth.permission", "fields": {"name": "Can change certificacion tecnico", "content_type": ["recursosHumanos", "certificaciontecnico"], "codename": "change_certificaciontecnico"}}, {"model": "auth.permission", "fields": {"name": "Can delete certificacion tecnico", "content_type": ["recursosHumanos", "certificaciontecnico"], "codename": "delete_certificaciontecnico"}}, {"model": "auth.permission", "fields": {"name": "Can view certificacion tecnico", "content_type": ["recursosHumanos", "certificaciontecnico"], "codename": "view_certificaciontecnico"}}, {"model": "auth.permission", "fields": {"name": "Can add Ciudad", "content_type": ["recursosHumanos", "ciudad"], "codename": "add_ciudad"}}, {"model": "auth.permission", "fields": {"name": "Can change Ciudad", "content_type": ["recursosHumanos", "ciudad"], "codename": "change_ciudad"}}, {"model": "auth.permission", "fields": {"name": "Can delete Ciudad", "content_type": ["recursosHumanos", "ciudad"], "codename": "delete_ciudad"}}, {"model": "auth.permission", "fields": {"name": "Can view Ciudad", "content_type": ["recursosHumanos", "ciudad"], "codename": "view_ciudad"}}, {"model": "auth.permission", "fields": {"name": "Can add Competencia", "content_type": ["recursosHumanos", "competencia"], "codename": "add_competencia"}}, {"model": "auth.permission", "fields": {"name": "Can change Competencia", "content_type": ["recursosHumanos", "competencia"], "codename": "change_competencia"}}, {"model": "auth.permission", "fields": {"name": "Can delete Competencia", "content_type": ["recursosHumanos", "competencia"], "codename": "delete_competencia"}}, {"model": "auth.permission", "fields": {"name": "Can view Competencia", "content_type": ["recursosHumanos", "competencia"], "codename": "view_competencia"}}, {"model": "auth.permission", "fields": {"name": "Can add Herramienta Especial", "content_type": ["recursosHumanos", "herramientaespecial"], "codename": "add_herramientaespecial"}}, {"model": "auth.permission", "fields": {"name": "Can change Herramienta Especial", "content_type": ["recursosHumanos", "herramientaespecial"], "codename": "change_herramientaespecial"}}, {"model": "auth.permission", "fields": {"name": "Can delete Herramienta Especial", "content_type": ["recursosHumanos", "herramientaespecial"], "codename": "delete_herramientaespecial"}}, {"model": "auth.permission", "fields": {"name": "Can view Herramienta Especial", "content_type": ["recursosHumanos", "herramientaespecial"], "codename": "view_herramientaespecial"}}, {"model": "auth.permission", "fields": {"name": "Can add Provincia", "content_type": ["recursosHumanos", "provincia"], "codename": "add_provincia"}}, {"model": "auth.permission", "fields": {"name": "Can change Provincia", "content_type": ["recursosHumanos", "provincia"], "codename": "change_provincia"}}, {"model": "auth.permission", "fields": {"name": "Can delete Provincia", "content_type": ["recursosHumanos", "provincia"], "codename": "delete_provincia"}}, {"model": "auth.permission", "fields": {"name": "Can view Provincia", "content_type": ["recursosHumanos", "provincia"], "codename": "view_provincia"}}, {"model": "auth.permission", "fields": {"name": "Can add tarifa mano obra", "content_type": ["recursosHumanos", "tarifamanoobra"], "codename": "add_tarifamanoobra"}}, {"model": "auth.permission", "fields": {"name": "Can change tarifa mano obra", "content_type": ["recursosHumanos", "tarifamanoobra"], "codename": "change_tarifamanoobra"}}, {"model": "auth.permission", "fields": {"name": "Can delete tarifa mano obra", "content_type": ["recursosHumanos", "tarifamanoobra"], "codename": "delete_tarifamanoobra"}}, {"model": "auth.permission", "fields": {"name": "Can view tarifa mano obra", "content_type": ["recursosHumanos", "tarifamanoobra"], "codename": "view_tarifamanoobra"}}, {"model": "auth.permission", "fields": {"name": "Can add Tipo de Hora", "content_type": ["recursosHumanos", "tipohoratrabajo"], "codename": "add_tipohoratrabajo"}}, {"model": "auth.permission", "fields": {"name": "Can change Tipo de Hora", "content_type": ["recursosHumanos", "tipohoratrabajo"], "codename": "change_tipohoratrabajo"}}, {"model": "auth.permission", "fields": {"name": "Can delete Tipo de Hora", "content_type": ["recursosHumanos", "tipohoratrabajo"], "codename": "delete_tipohoratrabajo"}}, {"model": "auth.permission", "fields": {"name": "Can view Tipo de Hora", "content_type": ["recursosHumanos", "tipohoratrabajo"], "codename": "view_tipohoratrabajo"}}, {"model": "auth.permission", "fields": {"name": "Can add Sucursal", "content_type": ["recursosHumanos", "sucursal"], "codename": "add_sucursal"}}, {"model": "auth.permission", "fields": {"name": "Can change Sucursal", "content_type": ["recursosHumanos", "sucursal"], "codename": "change_sucursal"}}, {"model": "auth.permission", "fields": {"name": "Can delete Sucursal", "content_type": ["recursosHumanos", "sucursal"], "codename": "delete_sucursal"}}, {"model": "auth.permission", "fields": {"name": "Can view Sucursal", "content_type": ["recursosHumanos", "sucursal"], "codename": "view_sucursal"}}, {"model": "auth.permission", "fields": {"name": "Can add Revisión de Herramientas", "content_type": ["recursosHumanos", "revisionherramientas"], "codename": "add_revisionherramientas"}}, {"model": "auth.permission", "fields": {"name": "Can change Revisión de Herramientas", "content_type": ["recursosHumanos", "revisionherramientas"], "codename": "change_revisionherramientas"}}, {"model": "auth.permission", "fields": {"name": "Can delete Revisión de Herramientas", "content_type": ["recursosHumanos", "revisionherramientas"], "codename": "delete_revisionherramientas"}}, {"model": "auth.permission", "fields": {"name": "Can view Revisión de Herramientas", "content_type": ["recursosHumanos", "revisionherramientas"], "codename": "view_revisionherramientas"}}, {"model": "auth.permission", "fields": {"name": "Can add Registro de Horas", "content_type": ["recursosHumanos", "registrohorastecnico"], "codename": "add_registrohorastecnico"}}, {"model": "auth.permission", "fields": {"name": "Can change Registro de Horas", "content_type": ["recursosHumanos", "registrohorastecnico"], "codename": "change_registrohorastecnico"}}, {"model": "auth.permission", "fields": {"name": "Can delete Registro de Horas", "content_type": ["recursosHumanos", "registrohorastecnico"], "codename": "delete_registrohorastecnico"}}, {"model": "auth.permission", "fields": {"name": "Can view Registro de Horas", "content_type": ["recursosHumanos", "registrohorastecnico"], "codename": "view_registrohorastecnico"}}, {"model": "auth.permission", "fields": {"name": "Can add Préstamo de Herramienta", "content_type": ["recursosHumanos", "prestamoherramienta"], "codename": "add_prestamoherramienta"}}, {"model": "auth.permission", "fields": {"name": "Can change Préstamo de Herramienta", "content_type": ["recursosHumanos", "prestamoherramienta"], "codename": "change_prestamoherramienta"}}, {"model": "auth.permission", "fields": {"name": "Can delete Préstamo de Herramienta", "content_type": ["recursosHumanos", "prestamoherramienta"], "codename": "delete_prestamoherramienta"}}, {"model": "auth.permission", "fields": {"name": "Can view Préstamo de Herramienta", "content_type": ["recursosHumanos", "prestamoherramienta"], "codename": "view_prestamoherramienta"}}, {"model": "auth.permission", "fields": {"name": "Can add Evaluación de Sistema", "content_type": ["recursosHumanos", "evaluacionsistema"], "codename": "add_evaluacionsistema"}}, {"model": "auth.permission", "fields": {"name": "Can change Evaluación de Sistema", "content_type": ["recursosHumanos", "evaluacionsistema"], "codename": "change_evaluacionsistema"}}, {"model": "auth.permission", "fields": {"name": "Can delete Evaluación de Sistema", "content_type": ["recursosHumanos", "evaluacionsistema"], "codename": "delete_evaluacionsistema"}}, {"model": "auth.permission", "fields": {"name": "Can view Evaluación de Sistema", "content_type": ["recursosHumanos", "evaluacionsistema"], "codename": "view_evaluacionsistema"}}, {"model": "auth.permission", "fields": {"name": "Can add Competencia de Técnico", "content_type": ["recursosHumanos", "competenciatecnico"], "codename": "add_competenciatecnico"}}, {"model": "auth.permission", "fields": {"name": "Can change Competencia de Técnico", "content_type": ["recursosHumanos", "competenciatecnico"], "codename": "change_competenciatecnico"}}, {"model": "auth.permission", "fields": {"name": "Can delete Competencia de Técnico", "content_type": ["recursosHumanos", "competenciatecnico"], "codename": "delete_competenciatecnico"}}, {"model": "auth.permission", "fields": {"name": "Can view Competencia de Técnico", "content_type": ["recursosHumanos", "competenciatecnico"], "codename": "view_competenciatecnico"}}, {"model": "auth.permission", "fields": {"name": "Can add solicitud trabajo", "content_type": ["gestionDeTaller", "solicitudtrabajo"], "codename": "add_solicitudtrabajo"}}, {"model": "auth.permission", "fields": {"name": "Can change solicitud trabajo", "content_type": ["gestionDeTaller", "solicitudtrabajo"], "codename": "change_solicitudtrabajo"}}, {"model": "auth.permission", "fields": {"name": "Can delete solicitud trabajo", "content_type": ["gestionDeTaller", "solicitudtrabajo"], "codename": "delete_solicitudtrabajo"}}, {"model": "auth.permission", "fields": {"name": "Can view solicitud trabajo", "content_type": ["gestionDeTaller", "solicitudtrabajo"], "codename": "view_solicitudtrabajo"}}, {"model": "auth.permission", "fields": {"name": "Can add evidencia", "content_type": ["gestionDeTaller", "evidencia"], "codename": "add_evidencia"}}, {"model": "auth.permission", "fields": {"name": "Can change evidencia", "content_type": ["gestionDeTaller", "evidencia"], "codename": "change_evidencia"}}, {"model": "auth.permission", "fields": {"name": "Can delete evidencia", "content_type": ["gestionDeTaller", "evidencia"], "codename": "delete_evidencia"}}, {"model": "auth.permission", "fields": {"name": "Can view evidencia", "content_type": ["gestionDeTaller", "evidencia"], "codename": "view_evidencia"}}, {"model": "auth.permission", "fields": {"name": "Can add checklist salida campo", "content_type": ["gestionDeTaller", "checklistsalidacampo"], "codename": "add_checklistsalidacampo"}}, {"model": "auth.permission", "fields": {"name": "Can change checklist salida campo", "content_type": ["gestionDeTaller", "checklistsalidacampo"], "codename": "change_checklistsalidacampo"}}, {"model": "auth.permission", "fields": {"name": "Can delete checklist salida campo", "content_type": ["gestionDeTaller", "checklistsalidacampo"], "codename": "delete_checklistsalidacampo"}}, {"model": "auth.permission", "fields": {"name": "Can view checklist salida campo", "content_type": ["gestionDeTaller", "checklistsalidacampo"], "codename": "view_checklistsalidacampo"}}, {"model": "recursosHumanos.usuario", "fields": {"password": "pbkdf2_sha256$600000$VtcNxON2ifJ72VxZCEZvLO$5GXoH0OWui9B+5dzxcb8aRpfHEILGLv/Mjx6F+58HiY=", "last_login": "2024-11-17T23:41:44.222Z", "is_superuser": true, "first_name": "", "last_name": "", "is_staff": true, "is_active": true, "date_joined": "2024-11-04T03:45:18.988Z", "email": "maxi.caamano@patagoniamaquinarias.com", "nombre": "Maximiliano", "apellido": "Caamano", "sucursal": 1, "rol": "GERENTE", "fecha_creacion": "2024-11-04T03:45:19.133Z", "fecha_modificacion": "2024-11-04T03:45:19.133Z", "tarifa_individual": null, "groups": [], "user_permissions": []}}, {"model": "recursosHumanos.usuario", "fields": {"password": "pbkdf2_sha256$600000$QPhDD5LnralJZ0oIkUrf4n$yD34a+w8++Ukd3eRzO29gIHhhbHclRakkyBj6cOD+PA=", "last_login": "2024-11-17T21:36:11.788Z", "is_superuser": false, "first_name": "", "last_name": "", "is_staff": true, "is_active": true, "date_joined": "2024-11-04T19:57:48.629Z", "email": "daniel.palazzorossi@patagoniamaquinarias.com", "nombre": "Daniel", "apellido": "PalazzoRossi", "sucursal": 1, "rol": "TECNICO", "fecha_creacion": "2024-11-04T19:57:48.797Z", "fecha_modificacion": "2024-11-04T20:23:41.724Z", "tarifa_individual": null, "groups": [], "user_permissions": []}}, {"model": "recursosHumanos.usuario", "fields": {"password": "pbkdf2_sha256$600000$4IJfm09Pu9xBPvW4GVUhOf$aFB35EizBYZJN5s3/fMRXmz/fa96HUpradxDshpyAVE=", "last_login": "2024-11-17T21:50:57.660Z", "is_superuser": false, "first_name": "", "last_name": "", "is_staff": true, "is_active": true, "date_joined": "2024-11-04T20:25:16.701Z", "email": "repuestosrga@patagoniamaquinarias.com", "nombre": "Fernanda", "apellido": "Gonzalez", "sucursal": 1, "rol": "ADMINISTRATIVO", "fecha_creacion": "2024-11-04T20:25:16.846Z", "fecha_modificacion": "2024-11-04T20:25:16.846Z", "tarifa_individual": null, "groups": [], "user_permissions": []}}, {"model": "recursosHumanos.usuario", "fields": {"password": "pbkdf2_sha256$600000$2rWieq2WBEXHwMx3NObGNO$puQX4XAPDVgiRcyriH3+XtJQvXNMnLyHHQFFnEcS9UY=", "last_login": "2024-11-17T22:09:43.431Z", "is_superuser": false, "first_name": "", "last_name": "", "is_staff": true, "is_active": true, "date_joined": "2024-11-06T14:00:11.613Z", "email": "repcomodoro@patagoniamaquinarias.com", "nombre": "Marcos", "apellido": "Benitez", "sucursal": 2, "rol": "ADMINISTRATIVO", "fecha_creacion": "2024-11-06T14:00:11.769Z", "fecha_modificacion": "2024-11-06T14:23:13.506Z", "tarifa_individual": null, "groups": [], "user_permissions": []}}, {"model": "recursosHumanos.usuario", "fields": {"password": "pbkdf2_sha256$600000$3VmQiztepPgauLNQxQu1kV$c3KDJqbklP11dtXa8BdJyDWr6D2GkwJlgUwJfSjPzKY=", "last_login": "2024-11-06T17:59:31.973Z", "is_superuser": false, "first_name": "", "last_name": "", "is_staff": false, "is_active": true, "date_joined": "2024-11-06T14:24:17.641Z", "email": "matiasyapura@gmail.com", "nombre": "Matias", "apellido": "Yapura", "sucursal": 2, "rol": "TECNICO", "fecha_creacion": "2024-11-06T14:24:17.796Z", "fecha_modificacion": "2024-11-06T14:24:17.796Z", "tarifa_individual": null, "groups": [], "user_permissions": []}}, {"model": "clientes.registrohorometro", "pk": 1, "fields": {"equipo": 1, "horas": "10.00", "fecha_registro": "2024-11-06T12:37:15.799Z", "origen": "PRE_ORDER", "usuario": ["repuestosrga@patagoniamaquinarias.com"], "api_response_id": null, "datos_api": null, "observaciones": "Registro automático desde preorden"}}, {"model": "clientes.registrohorometro", "pk": 2, "fields": {"equipo": 3, "horas": "10.00", "fecha_registro": "2024-11-06T14:24:39.583Z", "origen": "PRE_ORDER", "usuario": ["repcomodoro@patagoniamaquinarias.com"], "api_response_id": null, "datos_api": null, "observaciones": "Registro automático desde preorden"}}, {"model": "clientes.registrohorometro", "pk": 3, "fields": {"equipo": 3, "horas": "10.00", "fecha_registro": "2024-11-06T14:29:52.053Z", "origen": "SERVICIO", "usuario": ["repcomodoro@patagoniamaquinarias.com"], "api_response_id": null, "datos_api": null, "observaciones": "Registro automático desde servicio"}}, {"model": "clientes.registrohorometro", "pk": 4, "fields": {"equipo": 3, "horas": "11.00", "fecha_registro": "2024-11-06T17:19:33.316Z", "origen": "PRE_ORDER", "usuario": ["repcomodoro@patagoniamaquinarias.com"], "api_response_id": null, "datos_api": null, "observaciones": "Registro automático desde preorden"}}, {"model": "clientes.registrohorometro", "pk": 5, "fields": {"equipo": 3, "horas": "10.00", "fecha_registro": "2024-11-06T17:44:36.855Z", "origen": "SERVICIO", "usuario": ["repcomodoro@patagoniamaquinarias.com"], "api_response_id": null, "datos_api": null, "observaciones": "Registro automático desde servicio"}}, {"model": "clientes.registrohorometro", "pk": 6, "fields": {"equipo": 3, "horas": "10.00", "fecha_registro": "2024-11-06T18:36:04.212Z", "origen": "SERVICIO", "usuario": ["repcomodoro@patagoniamaquinarias.com"], "api_response_id": null, "datos_api": null, "observaciones": "Registro automático desde servicio"}}, {"model": "clientes.registrohorometro", "pk": 7, "fields": {"equipo": 3, "horas": "10.00", "fecha_registro": "2024-11-06T20:30:54.769Z", "origen": "SERVICIO", "usuario": ["repcomodoro@patagoniamaquinarias.com"], "api_response_id": null, "datos_api": null, "observaciones": "Registro automático desde servicio"}}, {"model": "clientes.registrohorometro", "pk": 8, "fields": {"equipo": 3, "horas": "10.00", "fecha_registro": "2024-11-06T20:30:58.588Z", "origen": "SERVICIO", "usuario": ["repcomodoro@patagoniamaquinarias.com"], "api_response_id": null, "datos_api": null, "observaciones": "Registro automático desde servicio"}}, {"model": "clientes.registrohorometro", "pk": 9, "fields": {"equipo": 3, "horas": "10.00", "fecha_registro": "2024-11-06T20:31:01.896Z", "origen": "SERVICIO", "usuario": ["repcomodoro@patagoniamaquinarias.com"], "api_response_id": null, "datos_api": null, "observaciones": "Registro automático desde servicio"}}, {"model": "clientes.registrohorometro", "pk": 10, "fields": {"equipo": 3, "horas": "10.00", "fecha_registro": "2024-11-06T20:31:05.713Z", "origen": "SERVICIO", "usuario": ["repcomodoro@patagoniamaquinarias.com"], "api_response_id": null, "datos_api": null, "observaciones": "Registro automático desde servicio"}}, {"model": "clientes.registrohorometro", "pk": 11, "fields": {"equipo": 3, "horas": "10.00", "fecha_registro": "2024-11-06T20:31:09.163Z", "origen": "SERVICIO", "usuario": ["repcomodoro@patagoniamaquinarias.com"], "api_response_id": null, "datos_api": null, "observaciones": "Registro automático desde servicio"}}, {"model": "clientes.registrohorometro", "pk": 12, "fields": {"equipo": 3, "horas": "10.00", "fecha_registro": "2024-11-06T20:45:11.033Z", "origen": "SERVICIO", "usuario": ["repcomodoro@patagoniamaquinarias.com"], "api_response_id": null, "datos_api": null, "observaciones": "Registro automático desde servicio"}}, {"model": "clientes.registrohorometro", "pk": 13, "fields": {"equipo": 3, "horas": "10.00", "fecha_registro": "2024-11-06T20:46:40.223Z", "origen": "SERVICIO", "usuario": ["repcomodoro@patagoniamaquinarias.com"], "api_response_id": null, "datos_api": null, "observaciones": "Registro automático desde servicio"}}, {"model": "clientes.registrohorometro", "pk": 14, "fields": {"equipo": 3, "horas": "10.00", "fecha_registro": "2024-11-06T20:47:00.938Z", "origen": "SERVICIO", "usuario": ["repcomodoro@patagoniamaquinarias.com"], "api_response_id": null, "datos_api": null, "observaciones": "Registro automático desde servicio"}}, {"model": "clientes.registrohorometro", "pk": 15, "fields": {"equipo": 3, "horas": "10.00", "fecha_registro": "2024-11-07T00:23:51.980Z", "origen": "SERVICIO", "usuario": ["repcomodoro@patagoniamaquinarias.com"], "api_response_id": null, "datos_api": null, "observaciones": "Registro automático desde servicio"}}, {"model": "clientes.registrohorometro", "pk": 16, "fields": {"equipo": 3, "horas": "10.00", "fecha_registro": "2024-11-07T00:24:21.291Z", "origen": "SERVICIO", "usuario": ["repcomodoro@patagoniamaquinarias.com"], "api_response_id": null, "datos_api": null, "observaciones": "Registro automático desde servicio"}}, {"model": "clientes.registrohorometro", "pk": 17, "fields": {"equipo": 4, "horas": "100.00", "fecha_registro": "2024-11-07T00:27:36.433Z", "origen": "PRE_ORDER", "usuario": ["repuestosrga@patagoniamaquinarias.com"], "api_response_id": null, "datos_api": null, "observaciones": "Registro automático desde preorden"}}, {"model": "clientes.registrohorometro", "pk": 18, "fields": {"equipo": 4, "horas": "100.00", "fecha_registro": "2024-11-07T00:27:55.845Z", "origen": "SERVICIO", "usuario": ["repuestosrga@patagoniamaquinarias.com"], "api_response_id": null, "datos_api": null, "observaciones": "Registro automático desde servicio"}}, {"model": "clientes.registrohorometro", "pk": 19, "fields": {"equipo": 4, "horas": "100.00", "fecha_registro": "2024-11-07T00:28:08.434Z", "origen": "SERVICIO", "usuario": ["repuestosrga@patagoniamaquinarias.com"], "api_response_id": null, "datos_api": null, "observaciones": "Registro automático desde servicio"}}, {"model": "clientes.registrohorometro", "pk": 20, "fields": {"equipo": 4, "horas": "100.00", "fecha_registro": "2024-11-07T00:29:51.281Z", "origen": "SERVICIO", "usuario": ["repuestosrga@patagoniamaquinarias.com"], "api_response_id": null, "datos_api": null, "observaciones": "Registro automático desde servicio"}}, {"model": "clientes.registrohorometro", "pk": 21, "fields": {"equipo": 4, "horas": "100.00", "fecha_registro": "2024-11-07T00:30:57.626Z", "origen": "SERVICIO", "usuario": ["repuestosrga@patagoniamaquinarias.com"], "api_response_id": null, "datos_api": null, "observaciones": "Registro automático desde servicio"}}, {"model": "clientes.registrohorometro", "pk": 22, "fields": {"equipo": 4, "horas": "100.00", "fecha_registro": "2024-11-07T12:55:51.551Z", "origen": "SERVICIO", "usuario": ["repuestosrga@patagoniamaquinarias.com"], "api_response_id": null, "datos_api": null, "observaciones": "Registro automático desde servicio"}}, {"model": "clientes.registrohorometro", "pk": 23, "fields": {"equipo": 4, "horas": "100.00", "fecha_registro": "2024-11-07T12:58:35.085Z", "origen": "SERVICIO", "usuario": ["repuestosrga@patagoniamaquinarias.com"], "api_response_id": null, "datos_api": null, "observaciones": "Registro automático desde servicio"}}, {"model": "clientes.registrohorometro", "pk": 24, "fields": {"equipo": 4, "horas": "100.00", "fecha_registro": "2024-11-07T13:20:51.044Z", "origen": "SERVICIO", "usuario": ["repuestosrga@patagoniamaquinarias.com"], "api_response_id": null, "datos_api": null, "observaciones": "Registro automático desde servicio"}}, {"model": "clientes.registrohorometro", "pk": 25, "fields": {"equipo": 4, "horas": "100.00", "fecha_registro": "2024-11-07T13:25:52.969Z", "origen": "SERVICIO", "usuario": ["repuestosrga@patagoniamaquinarias.com"], "api_response_id": null, "datos_api": null, "observaciones": "Registro automático desde servicio"}}, {"model": "clientes.registrohorometro", "pk": 26, "fields": {"equipo": 4, "horas": "100.00", "fecha_registro": "2024-11-07T13:27:39.013Z", "origen": "PRE_ORDER", "usuario": ["repuestosrga@patagoniamaquinarias.com"], "api_response_id": null, "datos_api": null, "observaciones": "Registro automático desde preorden"}}, {"model": "clientes.registrohorometro", "pk": 27, "fields": {"equipo": 4, "horas": "123.00", "fecha_registro": "2024-11-07T14:04:41.920Z", "origen": "PRE_ORDER", "usuario": ["repuestosrga@patagoniamaquinarias.com"], "api_response_id": null, "datos_api": null, "observaciones": "Registro automático desde preorden"}}, {"model": "clientes.registrohorometro", "pk": 28, "fields": {"equipo": 4, "horas": "123.00", "fecha_registro": "2024-11-07T14:04:59.135Z", "origen": "SERVICIO", "usuario": ["repuestosrga@patagoniamaquinarias.com"], "api_response_id": null, "datos_api": null, "observaciones": "Registro automático desde servicio"}}, {"model": "clientes.registrohorometro", "pk": 29, "fields": {"equipo": 4, "horas": "123.00", "fecha_registro": "2024-11-07T14:05:20.613Z", "origen": "SERVICIO", "usuario": ["repuestosrga@patagoniamaquinarias.com"], "api_response_id": null, "datos_api": null, "observaciones": "Registro automático desde servicio"}}, {"model": "clientes.registrohorometro", "pk": 30, "fields": {"equipo": 4, "horas": "123.00", "fecha_registro": "2024-11-07T14:05:24.740Z", "origen": "SERVICIO", "usuario": ["repuestosrga@patagoniamaquinarias.com"], "api_response_id": null, "datos_api": null, "observaciones": "Registro automático desde servicio"}}, {"model": "clientes.registrohorometro", "pk": 31, "fields": {"equipo": 4, "horas": "123.00", "fecha_registro": "2024-11-07T14:06:08.473Z", "origen": "SERVICIO", "usuario": ["repuestosrga@patagoniamaquinarias.com"], "api_response_id": null, "datos_api": null, "observaciones": "Registro automático desde servicio"}}, {"model": "clientes.registrohorometro", "pk": 32, "fields": {"equipo": 4, "horas": "123.00", "fecha_registro": "2024-11-07T14:06:12.322Z", "origen": "SERVICIO", "usuario": ["repuestosrga@patagoniamaquinarias.com"], "api_response_id": null, "datos_api": null, "observaciones": "Registro automático desde servicio"}}, {"model": "clientes.registrohorometro", "pk": 33, "fields": {"equipo": 4, "horas": "123.00", "fecha_registro": "2024-11-07T14:06:18.078Z", "origen": "SERVICIO", "usuario": ["repuestosrga@patagoniamaquinarias.com"], "api_response_id": null, "datos_api": null, "observaciones": "Registro automático desde servicio"}}, {"model": "clientes.registrohorometro", "pk": 34, "fields": {"equipo": 4, "horas": "123.00", "fecha_registro": "2024-11-07T14:09:12.293Z", "origen": "SERVICIO", "usuario": ["repuestosrga@patagoniamaquinarias.com"], "api_response_id": null, "datos_api": null, "observaciones": "Registro automático desde servicio"}}, {"model": "clientes.registrohorometro", "pk": 35, "fields": {"equipo": 4, "horas": "123.00", "fecha_registro": "2024-11-07T14:09:23.118Z", "origen": "SERVICIO", "usuario": ["repuestosrga@patagoniamaquinarias.com"], "api_response_id": null, "datos_api": null, "observaciones": "Registro automático desde servicio"}}, {"model": "clientes.registrohorometro", "pk": 36, "fields": {"equipo": 4, "horas": "123.00", "fecha_registro": "2024-11-07T14:09:24.646Z", "origen": "SERVICIO", "usuario": ["repuestosrga@patagoniamaquinarias.com"], "api_response_id": null, "datos_api": null, "observaciones": "Registro automático desde servicio"}}, {"model": "clientes.registrohorometro", "pk": 37, "fields": {"equipo": 4, "horas": "123.00", "fecha_registro": "2024-11-07T14:09:24.973Z", "origen": "SERVICIO", "usuario": ["repuestosrga@patagoniamaquinarias.com"], "api_response_id": null, "datos_api": null, "observaciones": "Registro automático desde servicio"}}, {"model": "clientes.registrohorometro", "pk": 38, "fields": {"equipo": 4, "horas": "123.00", "fecha_registro": "2024-11-07T14:09:25.493Z", "origen": "SERVICIO", "usuario": ["repuestosrga@patagoniamaquinarias.com"], "api_response_id": null, "datos_api": null, "observaciones": "Registro automático desde servicio"}}, {"model": "clientes.registrohorometro", "pk": 39, "fields": {"equipo": 4, "horas": "123.00", "fecha_registro": "2024-11-07T14:09:26.167Z", "origen": "SERVICIO", "usuario": ["repuestosrga@patagoniamaquinarias.com"], "api_response_id": null, "datos_api": null, "observaciones": "Registro automático desde servicio"}}, {"model": "clientes.registrohorometro", "pk": 40, "fields": {"equipo": 4, "horas": "123.00", "fecha_registro": "2024-11-07T14:09:27.619Z", "origen": "SERVICIO", "usuario": ["repuestosrga@patagoniamaquinarias.com"], "api_response_id": null, "datos_api": null, "observaciones": "Registro automático desde servicio"}}, {"model": "clientes.registrohorometro", "pk": 41, "fields": {"equipo": 4, "horas": "123.00", "fecha_registro": "2024-11-07T16:48:01.023Z", "origen": "SERVICIO", "usuario": ["repuestosrga@patagoniamaquinarias.com"], "api_response_id": null, "datos_api": null, "observaciones": "Registro automático desde servicio"}}, {"model": "clientes.registrohorometro", "pk": 42, "fields": {"equipo": 4, "horas": "123.00", "fecha_registro": "2024-11-07T17:03:42.278Z", "origen": "SERVICIO", "usuario": ["repuestosrga@patagoniamaquinarias.com"], "api_response_id": null, "datos_api": null, "observaciones": "Registro automático desde servicio"}}, {"model": "clientes.registrohorometro", "pk": 43, "fields": {"equipo": 4, "horas": "123.00", "fecha_registro": "2024-11-07T17:12:01.292Z", "origen": "SERVICIO", "usuario": ["repuestosrga@patagoniamaquinarias.com"], "api_response_id": null, "datos_api": null, "observaciones": "Registro automático desde servicio"}}, {"model": "clientes.registrohorometro", "pk": 44, "fields": {"equipo": 4, "horas": "123.00", "fecha_registro": "2024-11-07T17:12:30.962Z", "origen": "SERVICIO", "usuario": ["repuestosrga@patagoniamaquinarias.com"], "api_response_id": null, "datos_api": null, "observaciones": "Registro automático desde servicio"}}, {"model": "clientes.registrohorometro", "pk": 45, "fields": {"equipo": 4, "horas": "123.00", "fecha_registro": "2024-11-07T18:36:52.297Z", "origen": "SERVICIO", "usuario": ["repuestosrga@patagoniamaquinarias.com"], "api_response_id": null, "datos_api": null, "observaciones": "Registro automático desde servicio"}}, {"model": "clientes.registrohorometro", "pk": 46, "fields": {"equipo": 4, "horas": "200.00", "fecha_registro": "2024-11-07T19:10:52.873Z", "origen": "PRE_ORDER", "usuario": ["repuestosrga@patagoniamaquinarias.com"], "api_response_id": null, "datos_api": null, "observaciones": "Registro automático desde preorden"}}, {"model": "clientes.registrohorometro", "pk": 47, "fields": {"equipo": 4, "horas": "200.00", "fecha_registro": "2024-11-07T19:11:10.789Z", "origen": "SERVICIO", "usuario": ["repuestosrga@patagoniamaquinarias.com"], "api_response_id": null, "datos_api": null, "observaciones": "Registro automático desde servicio"}}, {"model": "clientes.registrohorometro", "pk": 48, "fields": {"equipo": 4, "horas": "200.00", "fecha_registro": "2024-11-07T19:12:57.673Z", "origen": "SERVICIO", "usuario": ["repuestosrga@patagoniamaquinarias.com"], "api_response_id": null, "datos_api": null, "observaciones": "Registro automático desde servicio"}}, {"model": "clientes.registrohorometro", "pk": 49, "fields": {"equipo": 4, "horas": "200.00", "fecha_registro": "2024-11-07T19:14:38.774Z", "origen": "SERVICIO", "usuario": ["repuestosrga@patagoniamaquinarias.com"], "api_response_id": null, "datos_api": null, "observaciones": "Registro automático desde servicio"}}, {"model": "clientes.registrohorometro", "pk": 50, "fields": {"equipo": 4, "horas": "200.00", "fecha_registro": "2024-11-07T19:14:54.124Z", "origen": "SERVICIO", "usuario": ["repuestosrga@patagoniamaquinarias.com"], "api_response_id": null, "datos_api": null, "observaciones": "Registro automático desde servicio"}}, {"model": "clientes.registrohorometro", "pk": 51, "fields": {"equipo": 4, "horas": "200.00", "fecha_registro": "2024-11-07T19:20:26.320Z", "origen": "SERVICIO", "usuario": ["repuestosrga@patagoniamaquinarias.com"], "api_response_id": null, "datos_api": null, "observaciones": "Registro automático desde servicio"}}, {"model": "clientes.registrohorometro", "pk": 52, "fields": {"equipo": 4, "horas": "200.00", "fecha_registro": "2024-11-07T19:24:13.847Z", "origen": "SERVICIO", "usuario": ["repuestosrga@patagoniamaquinarias.com"], "api_response_id": null, "datos_api": null, "observaciones": "Registro automático desde servicio"}}, {"model": "clientes.registrohorometro", "pk": 53, "fields": {"equipo": 4, "horas": "500.00", "fecha_registro": "2024-11-08T00:50:04.258Z", "origen": "PRE_ORDER", "usuario": ["repuestosrga@patagoniamaquinarias.com"], "api_response_id": null, "datos_api": null, "observaciones": "Registro automático desde preorden"}}, {"model": "clientes.registrohorometro", "pk": 54, "fields": {"equipo": 4, "horas": "600.00", "fecha_registro": "2024-11-08T02:11:54.966Z", "origen": "PRE_ORDER", "usuario": ["repuestosrga@patagoniamaquinarias.com"], "api_response_id": null, "datos_api": null, "observaciones": "Registro automático desde preorden"}}, {"model": "clientes.registrohorometro", "pk": 55, "fields": {"equipo": 4, "horas": "412.00", "fecha_registro": "2024-11-08T02:18:18.534Z", "origen": "PRE_ORDER", "usuario": ["repuestosrga@patagoniamaquinarias.com"], "api_response_id": null, "datos_api": null, "observaciones": "Registro automático desde preorden"}}, {"model": "clientes.registrohorometro", "pk": 56, "fields": {"equipo": 4, "horas": "876.00", "fecha_registro": "2024-11-08T02:21:29.417Z", "origen": "PRE_ORDER", "usuario": ["repuestosrga@patagoniamaquinarias.com"], "api_response_id": null, "datos_api": null, "observaciones": "Registro automático desde preorden"}}, {"model": "clientes.registrohorometro", "pk": 57, "fields": {"equipo": 4, "horas": "123.00", "fecha_registro": "2024-11-08T02:29:21.316Z", "origen": "PRE_ORDER", "usuario": ["repuestosrga@patagoniamaquinarias.com"], "api_response_id": null, "datos_api": null, "observaciones": "Registro automático desde preorden"}}, {"model": "clientes.registrohorometro", "pk": 58, "fields": {"equipo": 4, "horas": "650.00", "fecha_registro": "2024-11-08T13:29:54.599Z", "origen": "PRE_ORDER", "usuario": ["repuestosrga@patagoniamaquinarias.com"], "api_response_id": null, "datos_api": null, "observaciones": "Registro automático desde preorden"}}, {"model": "clientes.registrohorometro", "pk": 59, "fields": {"equipo": 4, "horas": "650.00", "fecha_registro": "2024-11-08T13:30:09.316Z", "origen": "SERVICIO", "usuario": ["repuestosrga@patagoniamaquinarias.com"], "api_response_id": null, "datos_api": null, "observaciones": "Registro automático desde servicio"}}, {"model": "admin.logentry", "pk": 1, "fields": {"action_time": "2024-11-04T03:46:05.469Z", "user": ["maxi.caamano@patagoniamaquinarias.com"], "content_type": ["clientes", "tipoequipo"], "object_id": "1", "object_repr": "Retroexcavadora", "action_flag": 1, "change_message": "[{\"added\": {}}]"}}, {"model": "admin.logentry", "pk": 2, "fields": {"action_time": "2024-11-04T03:46:28.286Z", "user": ["maxi.caamano@patagoniamaquinarias.com"], "content_type": ["clientes", "modeloequipo"], "object_id": "1", "object_repr": "John Deere 310 SL", "action_flag": 1, "change_message": "[{\"added\": {}}]"}}, {"model": "admin.logentry", "pk": 3, "fields": {"action_time": "2024-11-04T12:25:50.930Z", "user": ["maxi.caamano@patagoniamaquinarias.com"], "content_type": ["recursosHumanos", "ciudad"], "object_id": "1", "object_repr": "Ciudad object (1)", "action_flag": 2, "change_message": "[]"}}, {"model": "admin.logentry", "pk": 4, "fields": {"action_time": "2024-11-04T12:25:57.292Z", "user": ["maxi.caamano@patagoniamaquinarias.com"], "content_type": ["recursosHumanos", "ciudad"], "object_id": "2", "object_repr": "Ciudad object (2)", "action_flag": 1, "change_message": "[{\"added\": {}}]"}}, {"model": "admin.logentry", "pk": 5, "fields": {"action_time": "2024-11-04T12:26:07.996Z", "user": ["maxi.caamano@patagoniamaquinarias.com"], "content_type": ["recursosHumanos", "provincia"], "object_id": "2", "object_repr": "Provincia object (2)", "action_flag": 1, "change_message": "[{\"added\": {}}]"}}, {"model": "admin.logentry", "pk": 6, "fields": {"action_time": "2024-11-04T12:26:12.205Z", "user": ["maxi.caamano@patagoniamaquinarias.com"], "content_type": ["recursosHumanos", "provincia"], "object_id": "3", "object_repr": "Provincia object (3)", "action_flag": 1, "change_message": "[{\"added\": {}}]"}}, {"model": "admin.logentry", "pk": 7, "fields": {"action_time": "2024-11-04T12:26:36.026Z", "user": ["maxi.caamano@patagoniamaquinarias.com"], "content_type": ["recursosHumanos", "ciudad"], "object_id": "1", "object_repr": "Ciudad object (1)", "action_flag": 2, "change_message": "[]"}}, {"model": "admin.logentry", "pk": 8, "fields": {"action_time": "2024-11-04T12:26:42.422Z", "user": ["maxi.caamano@patagoniamaquinarias.com"], "content_type": ["recursosHumanos", "sucursal"], "object_id": "1", "object_repr": "Casa Central - Ciudad object (1)", "action_flag": 2, "change_message": "[]"}}, {"model": "admin.logentry", "pk": 9, "fields": {"action_time": "2024-11-04T12:27:21.581Z", "user": ["maxi.caamano@patagoniamaquinarias.com"], "content_type": ["recursosHumanos", "provincia"], "object_id": "3", "object_repr": "Provincia object (3)", "action_flag": 2, "change_message": "[]"}}, {"model": "admin.logentry", "pk": 10, "fields": {"action_time": "2024-11-04T12:27:22.991Z", "user": ["maxi.caamano@patagoniamaquinarias.com"], "content_type": ["recursosHumanos", "sucursal"], "object_id": "2", "object_repr": "Comodoro Rivadavia - Ciudad object (2)", "action_flag": 1, "change_message": "[{\"added\": {}}]"}}, {"model": "admin.logentry", "pk": 11, "fields": {"action_time": "2024-11-04T12:32:12.929Z", "user": ["maxi.caamano@patagoniamaquinarias.com"], "content_type": ["recursosHumanos", "tipohoratrabajo"], "object_id": "1", "object_repr": "Servicio (Horas Productivas)", "action_flag": 1, "change_message": "[{\"added\": {}}]"}}, {"model": "admin.logentry", "pk": 12, "fields": {"action_time": "2024-11-04T12:32:22.458Z", "user": ["maxi.caamano@patagoniamaquinarias.com"], "content_type": ["recursosHumanos", "tipohoratrabajo"], "object_id": "2", "object_repr": "Preparación para Servicio (Horas Productivas)", "action_flag": 1, "change_message": "[{\"added\": {}}]"}}, {"model": "admin.logentry", "pk": 13, "fields": {"action_time": "2024-11-04T12:32:37.168Z", "user": ["maxi.caamano@patagoniamaquinarias.com"], "content_type": ["recursosHumanos", "tipohoratrabajo"], "object_id": "3", "object_repr": "Retrabajo (Horas No Productivas)", "action_flag": 1, "change_message": "[{\"added\": {}}]"}}, {"model": "admin.logentry", "pk": 14, "fields": {"action_time": "2024-11-04T12:32:48.270Z", "user": ["maxi.caamano@patagoniamaquinarias.com"], "content_type": ["recursosHumanos", "tipohoratrabajo"], "object_id": "4", "object_repr": "Ausencia (Ausencias)", "action_flag": 1, "change_message": "[{\"added\": {}}]"}}, {"model": "admin.logentry", "pk": 15, "fields": {"action_time": "2024-11-04T12:32:53.410Z", "user": ["maxi.caamano@patagoniamaquinarias.com"], "content_type": ["recursosHumanos", "tipohoratrabajo"], "object_id": "5", "object_repr": "Vacaciones (Ausencias)", "action_flag": 1, "change_message": "[{\"added\": {}}]"}}, {"model": "admin.logentry", "pk": 16, "fields": {"action_time": "2024-11-04T12:33:04.399Z", "user": ["maxi.caamano@patagoniamaquinarias.com"], "content_type": ["recursosHumanos", "tipohoratrabajo"], "object_id": "6", "object_repr": "Limpieza de taller (Horas No Productivas)", "action_flag": 1, "change_message": "[{\"added\": {}}]"}}, {"model": "admin.logentry", "pk": 17, "fields": {"action_time": "2024-11-04T12:33:18.965Z", "user": ["maxi.caamano@patagoniamaquinarias.com"], "content_type": ["recursosHumanos", "tipohoratrabajo"], "object_id": "7", "object_repr": "Capacitación (Horas No Productivas)", "action_flag": 1, "change_message": "[{\"added\": {}}]"}}, {"model": "admin.logentry", "pk": 18, "fields": {"action_time": "2024-11-04T12:33:29.303Z", "user": ["maxi.caamano@patagoniamaquinarias.com"], "content_type": ["recursosHumanos", "tipohoratrabajo"], "object_id": "8", "object_repr": "Organización (Horas No Productivas)", "action_flag": 1, "change_message": "[{\"added\": {}}]"}}, {"model": "admin.logentry", "pk": 19, "fields": {"action_time": "2024-11-04T12:33:49.261Z", "user": ["maxi.caamano@patagoniamaquinarias.com"], "content_type": ["recursosHumanos", "tarifamanoobra"], "object_id": "1", "object_repr": "Técnico Individual - $80 - Desde: 2024-11-04", "action_flag": 1, "change_message": "[{\"added\": {}}]"}}, {"model": "admin.logentry", "pk": 20, "fields": {"action_time": "2024-11-04T12:33:59.517Z", "user": ["maxi.caamano@patagoniamaquinarias.com"], "content_type": ["recursosHumanos", "tarifamanoobra"], "object_id": "2", "object_repr": "Múltiples Técnicos - $120 - Desde: 2024-11-04", "action_flag": 1, "change_message": "[{\"added\": {}}]"}}, {"model": "admin.logentry", "pk": 21, "fields": {"action_time": "2024-11-04T12:37:59.420Z", "user": ["maxi.caamano@patagoniamaquinarias.com"], "content_type": ["recursosHumanos", "tarifamanoobra"], "object_id": "1", "object_repr": "Técnico Individual - $80.00 - Desde: 2024-11-04", "action_flag": 3, "change_message": ""}}, {"model": "admin.logentry", "pk": 22, "fields": {"action_time": "2024-11-04T12:38:02.638Z", "user": ["maxi.caamano@patagoniamaquinarias.com"], "content_type": ["recursosHumanos", "tarifamanoobra"], "object_id": "2", "object_repr": "Múltiples Técnicos - $120.00 - Desde: 2024-11-04", "action_flag": 3, "change_message": ""}}, {"model": "admin.logentry", "pk": 23, "fields": {"action_time": "2024-11-04T12:40:19.728Z", "user": ["maxi.caamano@patagoniamaquinarias.com"], "content_type": ["recursosHumanos", "tarifamanoobra"], "object_id": "3", "object_repr": "Técnico Individual - Trabajo en Taller - $70 - Desde: 2024-11-04", "action_flag": 1, "change_message": "[{\"added\": {}}]"}}, {"model": "admin.logentry", "pk": 24, "fields": {"action_time": "2024-11-04T12:40:29.484Z", "user": ["maxi.caamano@patagoniamaquinarias.com"], "content_type": ["recursosHumanos", "tarifamanoobra"], "object_id": "4", "object_repr": "Múltiples Técnicos - Trabajo en Taller - $105 - Desde: 2024-11-04", "action_flag": 1, "change_message": "[{\"added\": {}}]"}}, {"model": "admin.logentry", "pk": 25, "fields": {"action_time": "2024-11-04T12:40:37.939Z", "user": ["maxi.caamano@patagoniamaquinarias.com"], "content_type": ["recursosHumanos", "tarifamanoobra"], "object_id": "5", "object_repr": "Técnico Individual - Trabajo en Campo - $80 - Desde: 2024-11-04", "action_flag": 1, "change_message": "[{\"added\": {}}]"}}, {"model": "admin.logentry", "pk": 26, "fields": {"action_time": "2024-11-04T12:40:44.948Z", "user": ["maxi.caamano@patagoniamaquinarias.com"], "content_type": ["recursosHumanos", "tarifamanoobra"], "object_id": "6", "object_repr": "Múltiples Técnicos - Trabajo en Campo - $120 - Desde: 2024-11-04", "action_flag": 1, "change_message": "[{\"added\": {}}]"}}, {"model": "admin.logentry", "pk": 27, "fields": {"action_time": "2024-11-04T12:42:48.068Z", "user": ["maxi.caamano@patagoniamaquinarias.com"], "content_type": ["recursosHumanos", "tipohoratrabajo"], "object_id": "9", "object_repr": "Traslado a campo (Horas Productivas)", "action_flag": 1, "change_message": "[{\"added\": {}}]"}}, {"model": "admin.logentry", "pk": 28, "fields": {"action_time": "2024-11-04T16:21:07.429Z", "user": ["maxi.caamano@patagoniamaquinarias.com"], "content_type": ["recursosHumanos", "ciudad"], "object_id": "2", "object_repr": "Comodoro Rivadavia", "action_flag": 2, "change_message": "[{\"changed\": {\"fields\": [\"Provincia\"]}}]"}}, {"model": "admin.logentry", "pk": 29, "fields": {"action_time": "2024-11-04T16:21:10.977Z", "user": ["maxi.caamano@patagoniamaquinarias.com"], "content_type": ["recursosHumanos", "ciudad"], "object_id": "1", "object_repr": "Rio Grande", "action_flag": 2, "change_message": "[]"}}, {"model": "admin.logentry", "pk": 30, "fields": {"action_time": "2024-11-04T16:21:19.290Z", "user": ["maxi.caamano@patagoniamaquinarias.com"], "content_type": ["recursosHumanos", "ciudad"], "object_id": "3", "object_repr": "Ushuaia", "action_flag": 1, "change_message": "[{\"added\": {}}]"}}, {"model": "admin.logentry", "pk": 31, "fields": {"action_time": "2024-11-04T16:21:26.486Z", "user": ["maxi.caamano@patagoniamaquinarias.com"], "content_type": ["recursosHumanos", "ciudad"], "object_id": "4", "object_repr": "Caleta Oliva", "action_flag": 1, "change_message": "[{\"added\": {}}]"}}, {"model": "admin.logentry", "pk": 32, "fields": {"action_time": "2024-11-04T16:21:31.548Z", "user": ["maxi.caamano@patagoniamaquinarias.com"], "content_type": ["recursosHumanos", "ciudad"], "object_id": "5", "object_repr": "Rio Gallegos", "action_flag": 1, "change_message": "[{\"added\": {}}]"}}, {"model": "admin.logentry", "pk": 33, "fields": {"action_time": "2024-11-04T16:34:52.636Z", "user": ["maxi.caamano@patagoniamaquinarias.com"], "content_type": ["clientes", "cliente"], "object_id": "1", "object_repr": "Constructora Vial Fueguina S.A - 3070927909", "action_flag": 2, "change_message": "[{\"changed\": {\"fields\": [\"Activo\"]}}]"}}, {"model": "admin.logentry", "pk": 34, "fields": {"action_time": "2024-11-04T16:54:55.172Z", "user": ["maxi.caamano@patagoniamaquinarias.com"], "content_type": ["clientes", "tipoequipo"], "object_id": "2", "object_repr": "Excavadora", "action_flag": 1, "change_message": "[{\"added\": {}}]"}}, {"model": "admin.logentry", "pk": 35, "fields": {"action_time": "2024-11-04T16:54:59.633Z", "user": ["maxi.caamano@patagoniamaquinarias.com"], "content_type": ["clientes", "tipoequipo"], "object_id": "3", "object_repr": "Cargadora Frontal", "action_flag": 1, "change_message": "[{\"added\": {}}]"}}, {"model": "admin.logentry", "pk": 36, "fields": {"action_time": "2024-11-04T16:55:04.629Z", "user": ["maxi.caamano@patagoniamaquinarias.com"], "content_type": ["clientes", "tipoequipo"], "object_id": "4", "object_repr": "Mini Cargadora", "action_flag": 1, "change_message": "[{\"added\": {}}]"}}, {"model": "admin.logentry", "pk": 37, "fields": {"action_time": "2024-11-04T16:55:09.285Z", "user": ["maxi.caamano@patagoniamaquinarias.com"], "content_type": ["clientes", "tipoequipo"], "object_id": "5", "object_repr": "Mini Excavadora", "action_flag": 1, "change_message": "[{\"added\": {}}]"}}, {"model": "admin.logentry", "pk": 38, "fields": {"action_time": "2024-11-04T16:55:14.498Z", "user": ["maxi.caamano@patagoniamaquinarias.com"], "content_type": ["clientes", "tipoequipo"], "object_id": "6", "object_repr": "Topadora", "action_flag": 1, "change_message": "[{\"added\": {}}]"}}, {"model": "admin.logentry", "pk": 39, "fields": {"action_time": "2024-11-04T16:55:20.621Z", "user": ["maxi.caamano@patagoniamaquinarias.com"], "content_type": ["clientes", "tipoequipo"], "object_id": "7", "object_repr": "Grupo Electrógeno", "action_flag": 1, "change_message": "[{\"added\": {}}]"}}, {"model": "admin.logentry", "pk": 40, "fields": {"action_time": "2024-11-04T16:55:30.889Z", "user": ["maxi.caamano@patagoniamaquinarias.com"], "content_type": ["clientes", "tipoequipo"], "object_id": "8", "object_repr": "Motoniveladora", "action_flag": 1, "change_message": "[{\"added\": {}}]"}}, {"model": "admin.logentry", "pk": 41, "fields": {"action_time": "2024-11-04T16:55:34.879Z", "user": ["maxi.caamano@patagoniamaquinarias.com"], "content_type": ["clientes", "tipoequipo"], "object_id": "9", "object_repr": "Skidder", "action_flag": 1, "change_message": "[{\"added\": {}}]"}}, {"model": "admin.logentry", "pk": 42, "fields": {"action_time": "2024-11-04T16:55:56.820Z", "user": ["maxi.caamano@patagoniamaquinarias.com"], "content_type": ["clientes", "modeloequipo"], "object_id": "2", "object_repr": "John Deere 310 SJ", "action_flag": 1, "change_message": "[{\"added\": {}}]"}}, {"model": "admin.logentry", "pk": 43, "fields": {"action_time": "2024-11-04T16:56:09.503Z", "user": ["maxi.caamano@patagoniamaquinarias.com"], "content_type": ["clientes", "modeloequipo"], "object_id": "3", "object_repr": "John Deere 310 SK", "action_flag": 1, "change_message": "[{\"added\": {}}]"}}, {"model": "admin.logentry", "pk": 44, "fields": {"action_time": "2024-11-04T16:56:19.824Z", "user": ["maxi.caamano@patagoniamaquinarias.com"], "content_type": ["clientes", "modeloequipo"], "object_id": "4", "object_repr": "John Deere 310 L", "action_flag": 1, "change_message": "[{\"added\": {}}]"}}, {"model": "admin.logentry", "pk": 45, "fields": {"action_time": "2024-11-04T16:56:29.326Z", "user": ["maxi.caamano@patagoniamaquinarias.com"], "content_type": ["clientes", "modeloequipo"], "object_id": "5", "object_repr": "John Deere 210 G", "action_flag": 1, "change_message": "[{\"added\": {}}]"}}, {"model": "admin.logentry", "pk": 46, "fields": {"action_time": "2024-11-04T16:56:39.238Z", "user": ["maxi.caamano@patagoniamaquinarias.com"], "content_type": ["clientes", "modeloequipo"], "object_id": "6", "object_repr": "John Deere 670 G", "action_flag": 1, "change_message": "[{\"added\": {}}]"}}, {"model": "admin.logentry", "pk": 47, "fields": {"action_time": "2024-11-04T16:56:48.124Z", "user": ["maxi.caamano@patagoniamaquinarias.com"], "content_type": ["clientes", "modeloequipo"], "object_id": "7", "object_repr": "John Deere WL 56", "action_flag": 1, "change_message": "[{\"added\": {}}]"}}, {"model": "admin.logentry", "pk": 48, "fields": {"action_time": "2024-11-04T16:56:58.998Z", "user": ["maxi.caamano@patagoniamaquinarias.com"], "content_type": ["clientes", "modeloequipo"], "object_id": "8", "object_repr": "John Deere 160 G", "action_flag": 1, "change_message": "[{\"added\": {}}]"}}, {"model": "admin.logentry", "pk": 49, "fields": {"action_time": "2024-11-04T16:57:08.883Z", "user": ["maxi.caamano@patagoniamaquinarias.com"], "content_type": ["clientes", "modeloequipo"], "object_id": "9", "object_repr": "John Deere 130 G", "action_flag": 1, "change_message": "[{\"added\": {}}]"}}, {"model": "admin.logentry", "pk": 50, "fields": {"action_time": "2024-11-04T17:00:37.162Z", "user": ["maxi.caamano@patagoniamaquinarias.com"], "content_type": ["clientes", "modelomotor"], "object_id": "1", "object_repr": "4045HT067", "action_flag": 1, "change_message": "[{\"added\": {}}]"}}, {"model": "admin.logentry", "pk": 51, "fields": {"action_time": "2024-11-04T19:57:48.799Z", "user": ["maxi.caamano@patagoniamaquinarias.com"], "content_type": ["recursosHumanos", "usuario"], "object_id": "2", "object_repr": "PalazzoRossi, Daniel - Técnico", "action_flag": 1, "change_message": "[{\"added\": {}}]"}}, {"model": "admin.logentry", "pk": 52, "fields": {"action_time": "2024-11-04T20:04:37.984Z", "user": ["maxi.caamano@patagoniamaquinarias.com"], "content_type": ["gestionDeTaller", "codigoerror"], "object_id": "1", "object_repr": "524272.05 - TCU", "action_flag": 1, "change_message": "[{\"added\": {}}]"}}, {"model": "admin.logentry", "pk": 53, "fields": {"action_time": "2024-11-04T20:21:11.733Z", "user": ["maxi.caamano@patagoniamaquinarias.com"], "content_type": ["recursosHumanos", "usuario"], "object_id": "2", "object_repr": "PalazzoRossi, Daniel - Técnico", "action_flag": 2, "change_message": "[{\"changed\": {\"fields\": [\"password\"]}}]"}}, {"model": "admin.logentry", "pk": 54, "fields": {"action_time": "2024-11-04T20:22:04.817Z", "user": ["maxi.caamano@patagoniamaquinarias.com"], "content_type": ["recursosHumanos", "usuario"], "object_id": "2", "object_repr": "PalazzoRossi, Daniel - Técnico", "action_flag": 2, "change_message": "[]"}}, {"model": "admin.logentry", "pk": 55, "fields": {"action_time": "2024-11-04T20:22:52.284Z", "user": ["maxi.caamano@patagoniamaquinarias.com"], "content_type": ["recursosHumanos", "usuario"], "object_id": "2", "object_repr": "PalazzoRossi, Daniel - Técnico", "action_flag": 2, "change_message": "[{\"changed\": {\"fields\": [\"password\"]}}]"}}, {"model": "admin.logentry", "pk": 56, "fields": {"action_time": "2024-11-04T20:23:41.725Z", "user": ["maxi.caamano@patagoniamaquinarias.com"], "content_type": ["recursosHumanos", "usuario"], "object_id": "2", "object_repr": "PalazzoRossi, Daniel - Técnico", "action_flag": 2, "change_message": "[{\"changed\": {\"fields\": [\"Staff status\"]}}]"}}, {"model": "admin.logentry", "pk": 57, "fields": {"action_time": "2024-11-04T20:25:16.847Z", "user": ["maxi.caamano@patagoniamaquinarias.com"], "content_type": ["recursosHumanos", "usuario"], "object_id": "3", "object_repr": "Gonzalez, Fernanda - Administrativo", "action_flag": 1, "change_message": "[{\"added\": {}}]"}}, {"model": "admin.logentry", "pk": 58, "fields": {"action_time": "2024-11-05T00:40:00.965Z", "user": ["maxi.caamano@patagoniamaquinarias.com"], "content_type": ["clientes", "modeloequipo"], "object_id": "10", "object_repr": "310 E", "action_flag": 1, "change_message": "[{\"added\": {}}]"}}, {"model": "admin.logentry", "pk": 59, "fields": {"action_time": "2024-11-05T17:50:48.573Z", "user": ["maxi.caamano@patagoniamaquinarias.com"], "content_type": ["gestionDeTaller", "solicitudtrabajo"], "object_id": "1", "object_repr": "SolicitudTrabajo object (1)", "action_flag": 1, "change_message": "[{\"added\": {}}]"}}, {"model": "admin.logentry", "pk": 60, "fields": {"action_time": "2024-11-05T17:51:04.111Z", "user": ["maxi.caamano@patagoniamaquinarias.com"], "content_type": ["gestionDeTaller", "solicitudtrabajo"], "object_id": "2", "object_repr": "SolicitudTrabajo object (2)", "action_flag": 1, "change_message": "[{\"added\": {}}]"}}, {"model": "admin.logentry", "pk": 61, "fields": {"action_time": "2024-11-05T17:51:15.018Z", "user": ["maxi.caamano@patagoniamaquinarias.com"], "content_type": ["gestionDeTaller", "solicitudtrabajo"], "object_id": "3", "object_repr": "SolicitudTrabajo object (3)", "action_flag": 1, "change_message": "[{\"added\": {}}]"}}, {"model": "admin.logentry", "pk": 62, "fields": {"action_time": "2024-11-05T18:11:49.296Z", "user": ["maxi.caamano@patagoniamaquinarias.com"], "content_type": ["gestionDeTaller", "solicitudtrabajo"], "object_id": "4", "object_repr": "Servicio 2000 Hs", "action_flag": 1, "change_message": "[{\"added\": {}}]"}}, {"model": "admin.logentry", "pk": 63, "fields": {"action_time": "2024-11-05T18:12:05.480Z", "user": ["maxi.caamano@patagoniamaquinarias.com"], "content_type": ["gestionDeTaller", "solicitudtrabajo"], "object_id": "5", "object_repr": "Servicio 4000 Hs", "action_flag": 1, "change_message": "[{\"added\": {}}]"}}, {"model": "admin.logentry", "pk": 64, "fields": {"action_time": "2024-11-06T14:00:11.772Z", "user": ["maxi.caamano@patagoniamaquinarias.com"], "content_type": ["recursosHumanos", "usuario"], "object_id": "4", "object_repr": "Benitez, Marcos - Administrativo", "action_flag": 1, "change_message": "[{\"added\": {}}]"}}, {"model": "admin.logentry", "pk": 65, "fields": {"action_time": "2024-11-06T14:23:13.509Z", "user": ["maxi.caamano@patagoniamaquinarias.com"], "content_type": ["recursosHumanos", "usuario"], "object_id": "4", "object_repr": "Benitez, Marcos - Administrativo", "action_flag": 2, "change_message": "[]"}}, {"model": "admin.logentry", "pk": 66, "fields": {"action_time": "2024-11-06T14:24:17.797Z", "user": ["maxi.caamano@patagoniamaquinarias.com"], "content_type": ["recursosHumanos", "usuario"], "object_id": "5", "object_repr": "Yapura, Matias - Técnico", "action_flag": 1, "change_message": "[{\"added\": {}}]"}}, {"model": "admin.logentry", "pk": 67, "fields": {"action_time": "2024-11-07T19:09:53.417Z", "user": ["maxi.caamano@patagoniamaquinarias.com"], "content_type": ["gestionDeTaller", "solicitudtrabajo"], "object_id": "6", "object_repr": "Reparacion", "action_flag": 1, "change_message": "[{\"added\": {}}]"}}, {"model": "admin.logentry", "pk": 68, "fields": {"action_time": "2024-11-07T19:10:00.519Z", "user": ["maxi.caamano@patagoniamaquinarias.com"], "content_type": ["gestionDeTaller", "solicitudtrabajo"], "object_id": "7", "object_repr": "Diagnostico", "action_flag": 1, "change_message": "[{\"added\": {}}]"}}, {"model": "admin.logentry", "pk": 69, "fields": {"action_time": "2024-11-17T22:19:47.562Z", "user": ["maxi.caamano@patagoniamaquinarias.com"], "content_type": ["gestionDeTaller", "servicio"], "object_id": "5", "object_repr": "Servicio object (5)", "action_flag": 3, "change_message": ""}}, {"model": "admin.logentry", "pk": 70, "fields": {"action_time": "2024-11-17T22:20:00.222Z", "user": ["maxi.caamano@patagoniamaquinarias.com"], "content_type": ["gestionDeTaller", "pedidorepuestosterceros"], "object_id": "1", "object_repr": "Pedido #4600007856 - Servicio object (1)", "action_flag": 3, "change_message": ""}}, {"model": "admin.logentry", "pk": 71, "fields": {"action_time": "2024-11-17T22:20:10.172Z", "user": ["maxi.caamano@patagoniamaquinarias.com"], "content_type": ["gestionDeTaller", "servicio"], "object_id": "1", "object_repr": "Servicio object (1)", "action_flag": 3, "change_message": ""}}, {"model": "admin.logentry", "pk": 72, "fields": {"action_time": "2024-11-17T22:20:14.826Z", "user": ["maxi.caamano@patagoniamaquinarias.com"], "content_type": ["gestionDeTaller", "servicio"], "object_id": "2", "object_repr": "Servicio object (2)", "action_flag": 3, "change_message": ""}}, {"model": "admin.logentry", "pk": 73, "fields": {"action_time": "2024-11-17T22:20:21.978Z", "user": ["maxi.caamano@patagoniamaquinarias.com"], "content_type": ["gestionDeTaller", "ventarepuesto"], "object_id": "2", "object_repr": "VentaRepuesto object (2)", "action_flag": 3, "change_message": ""}}, {"model": "admin.logentry", "pk": 74, "fields": {"action_time": "2024-11-17T22:20:25.498Z", "user": ["maxi.caamano@patagoniamaquinarias.com"], "content_type": ["gestionDeTaller", "ventarepuesto"], "object_id": "1", "object_repr": "VentaRepuesto object (1)", "action_flag": 3, "change_message": ""}}, {"model": "admin.logentry", "pk": 75, "fields": {"action_time": "2024-11-17T22:20:45.209Z", "user": ["maxi.caamano@patagoniamaquinarias.com"], "content_type": ["gestionDeTaller", "servicio"], "object_id": "3", "object_repr": "Servicio object (3)", "action_flag": 3, "change_message": ""}}, {"model": "admin.logentry", "pk": 76, "fields": {"action_time": "2024-11-17T22:20:49.476Z", "user": ["maxi.caamano@patagoniamaquinarias.com"], "content_type": ["gestionDeTaller", "servicio"], "object_id": "4", "object_repr": "Servicio object (4)", "action_flag": 3, "change_message": ""}}, {"model": "admin.logentry", "pk": 77, "fields": {"action_time": "2024-11-17T22:29:55.501Z", "user": ["maxi.caamano@patagoniamaquinarias.com"], "content_type": ["gestionDeTaller", "preorden"], "object_id": "1", "object_repr": "PreOrden #1 - Constructora Vial Fueguina S.A - 3070927909 - 130 G - Serie: 1FF130GXPGD041225 (Constructora Vial Fueguina S.A)", "action_flag": 3, "change_message": ""}}, {"model": "admin.logentry", "pk": 78, "fields": {"action_time": "2024-11-17T22:29:59.799Z", "user": ["maxi.caamano@patagoniamaquinarias.com"], "content_type": ["gestionDeTaller", "preorden"], "object_id": "2", "object_repr": "PreOrden #2 - Piedra Pampa SRL - 33711909929 - WL 56 - Serie: 1123 (Piedra Pampa SRL)", "action_flag": 3, "change_message": ""}}, {"model": "admin.logentry", "pk": 79, "fields": {"action_time": "2024-11-17T22:30:06.010Z", "user": ["maxi.caamano@patagoniamaquinarias.com"], "content_type": ["gestionDeTaller", "preorden"], "object_id": "3", "object_repr": "PreOrden #3 - Piedra Pampa SRL - 33711909929 - WL 56 - Serie: 1123 (Piedra Pampa SRL)", "action_flag": 3, "change_message": ""}}, {"model": "admin.logentry", "pk": 80, "fields": {"action_time": "2024-11-17T22:30:10.460Z", "user": ["maxi.caamano@patagoniamaquinarias.com"], "content_type": ["gestionDeTaller", "preorden"], "object_id": "4", "object_repr": "PreOrden #4 - Maxi Caamano - 20332670175 - 130 G - Serie: T0130GX844334 (Maxi Caamano)", "action_flag": 3, "change_message": ""}}, {"model": "admin.logentry", "pk": 81, "fields": {"action_time": "2024-11-17T22:30:14.729Z", "user": ["maxi.caamano@patagoniamaquinarias.com"], "content_type": ["gestionDeTaller", "preorden"], "object_id": "5", "object_repr": "PreOrden #5 - Maxi Caamano - 20332670175 - 130 G - Serie: T0130GX844334 (Maxi Caamano)", "action_flag": 3, "change_message": ""}}, {"model": "admin.logentry", "pk": 82, "fields": {"action_time": "2024-11-17T22:30:19.192Z", "user": ["maxi.caamano@patagoniamaquinarias.com"], "content_type": ["gestionDeTaller", "preorden"], "object_id": "6", "object_repr": "PreOrden #6 - Maxi Caamano - 20332670175 - 130 G - Serie: T0130GX844334 (Maxi Caamano)", "action_flag": 3, "change_message": ""}}, {"model": "admin.logentry", "pk": 83, "fields": {"action_time": "2024-11-17T22:30:23.156Z", "user": ["maxi.caamano@patagoniamaquinarias.com"], "content_type": ["gestionDeTaller", "preorden"], "object_id": "7", "object_repr": "PreOrden #7 - Maxi Caamano - 20332670175 - 130 G - Serie: T0130GX844334 (Maxi Caamano)", "action_flag": 3, "change_message": ""}}, {"model": "admin.logentry", "pk": 84, "fields": {"action_time": "2024-11-17T22:30:26.814Z", "user": ["maxi.caamano@patagoniamaquinarias.com"], "content_type": ["gestionDeTaller", "preorden"], "object_id": "8", "object_repr": "PreOrden #8 - Maxi Caamano - 20332670175 - 130 G - Serie: T0130GX844334 (Maxi Caamano)", "action_flag": 3, "change_message": ""}}, {"model": "admin.logentry", "pk": 85, "fields": {"action_time": "2024-11-17T22:30:30.794Z", "user": ["maxi.caamano@patagoniamaquinarias.com"], "content_type": ["gestionDeTaller", "preorden"], "object_id": "9", "object_repr": "PreOrden #9 - Maxi Caamano - 20332670175 - 130 G - Serie: T0130GX844334 (Maxi Caamano)", "action_flag": 3, "change_message": ""}}, {"model": "admin.logentry", "pk": 86, "fields": {"action_time": "2024-11-17T22:30:34.637Z", "user": ["maxi.caamano@patagoniamaquinarias.com"], "content_type": ["gestionDeTaller", "preorden"], "object_id": "10", "object_repr": "PreOrden #10 - Maxi Caamano - 20332670175 - 130 G - Serie: T0130GX844334 (Maxi Caamano)", "action_flag": 3, "change_message": ""}}, {"model": "admin.logentry", "pk": 87, "fields": {"action_time": "2024-11-17T22:30:38.257Z", "user": ["maxi.caamano@patagoniamaquinarias.com"], "content_type": ["gestionDeTaller", "preorden"], "object_id": "11", "object_repr": "PreOrden #11 - Maxi Caamano - 20332670175 - 130 G - Serie: T0130GX844334 (Maxi Caamano)", "action_flag": 3, "change_message": ""}}, {"model": "admin.logentry", "pk": 88, "fields": {"action_time": "2024-11-17T22:30:42.251Z", "user": ["maxi.caamano@patagoniamaquinarias.com"], "content_type": ["gestionDeTaller", "preorden"], "object_id": "12", "object_repr": "PreOrden #12 - Maxi Caamano - 20332670175 - 130 G - Serie: T0130GX844334 (Maxi Caamano)", "action_flag": 3, "change_message": ""}}, {"model": "admin.logentry", "pk": 89, "fields": {"action_time": "2024-11-17T22:30:45.806Z", "user": ["maxi.caamano@patagoniamaquinarias.com"], "content_type": ["gestionDeTaller", "preorden"], "object_id": "13", "object_repr": "PreOrden #13 - Maxi Caamano - 20332670175 - 130 G - Serie: T0130GX844334 (Maxi Caamano)", "action_flag": 3, "change_message": ""}}]