[
{
  "model": "admin.logentry",
  "pk": 1,
  "fields": {
    "action_time": "2025-05-05T17:17:27.331Z",
    "user": 1,
    "content_type": 29,
    "object_id": "2",
    "object_repr": "Palazzorossi, Daniel - Técnico",
    "action_flag": 1,
    "change_message": "[{\"added\": {}}]"
  }
},
{
  "model": "admin.logentry",
  "pk": 2,
  "fields": {
    "action_time": "2025-05-05T17:40:59.770Z",
    "user": 1,
    "content_type": 11,
    "object_id": "1",
    "object_repr": "Retroexcavadora JD",
    "action_flag": 1,
    "change_message": "[{\"added\": {}}]"
  }
},
{
  "model": "admin.logentry",
  "pk": 3,
  "fields": {
    "action_time": "2025-05-05T17:41:22.664Z",
    "user": 1,
    "content_type": 11,
    "object_id": "1",
    "object_repr": "Retroexcavadora JD",
    "action_flag": 3,
    "change_message": ""
  }
},
{
  "model": "admin.logentry",
  "pk": 4,
  "fields": {
    "action_time": "2025-05-05T17:41:30.504Z",
    "user": 1,
    "content_type": 11,
    "object_id": "2",
    "object_repr": "Retroexcavadora",
    "action_flag": 1,
    "change_message": "[{\"added\": {}}]"
  }
},
{
  "model": "admin.logentry",
  "pk": 5,
  "fields": {
    "action_time": "2025-05-05T17:41:33.973Z",
    "user": 1,
    "content_type": 11,
    "object_id": "3",
    "object_repr": "Excavadora",
    "action_flag": 1,
    "change_message": "[{\"added\": {}}]"
  }
},
{
  "model": "admin.logentry",
  "pk": 6,
  "fields": {
    "action_time": "2025-05-05T17:41:42.193Z",
    "user": 1,
    "content_type": 11,
    "object_id": "4",
    "object_repr": "Motoniveladora",
    "action_flag": 1,
    "change_message": "[{\"added\": {}}]"
  }
},
{
  "model": "admin.logentry",
  "pk": 7,
  "fields": {
    "action_time": "2025-05-05T17:41:50.893Z",
    "user": 1,
    "content_type": 11,
    "object_id": "5",
    "object_repr": "Cargadora Frontal",
    "action_flag": 1,
    "change_message": "[{\"added\": {}}]"
  }
},
{
  "model": "admin.logentry",
  "pk": 8,
  "fields": {
    "action_time": "2025-05-05T17:41:53.758Z",
    "user": 1,
    "content_type": 11,
    "object_id": "6",
    "object_repr": "Topador",
    "action_flag": 1,
    "change_message": "[{\"added\": {}}]"
  }
},
{
  "model": "admin.logentry",
  "pk": 9,
  "fields": {
    "action_time": "2025-05-05T17:41:58.702Z",
    "user": 1,
    "content_type": 11,
    "object_id": "7",
    "object_repr": "Grupo Electrogeno",
    "action_flag": 1,
    "change_message": "[{\"added\": {}}]"
  }
},
{
  "model": "admin.logentry",
  "pk": 10,
  "fields": {
    "action_time": "2025-05-05T17:42:08.151Z",
    "user": 1,
    "content_type": 11,
    "object_id": "8",
    "object_repr": "Hidrogrua",
    "action_flag": 1,
    "change_message": "[{\"added\": {}}]"
  }
},
{
  "model": "admin.logentry",
  "pk": 11,
  "fields": {
    "action_time": "2025-05-05T17:42:11.297Z",
    "user": 1,
    "content_type": 11,
    "object_id": "9",
    "object_repr": "Tijera",
    "action_flag": 1,
    "change_message": "[{\"added\": {}}]"
  }
},
{
  "model": "admin.logentry",
  "pk": 12,
  "fields": {
    "action_time": "2025-05-05T17:42:26.912Z",
    "user": 1,
    "content_type": 9,
    "object_id": "1",
    "object_repr": "210G",
    "action_flag": 1,
    "change_message": "[{\"added\": {}}]"
  }
},
{
  "model": "admin.logentry",
  "pk": 13,
  "fields": {
    "action_time": "2025-05-05T17:42:35.270Z",
    "user": 1,
    "content_type": 10,
    "object_id": "1",
    "object_repr": "Test1234",
    "action_flag": 1,
    "change_message": "[{\"added\": {}}]"
  }
},
{
  "model": "admin.logentry",
  "pk": 14,
  "fields": {
    "action_time": "2025-05-05T17:44:20.864Z",
    "user": 1,
    "content_type": 26,
    "object_id": "1",
    "object_repr": "Servicio 500 HS",
    "action_flag": 1,
    "change_message": "[{\"added\": {}}]"
  }
},
{
  "model": "admin.logentry",
  "pk": 15,
  "fields": {
    "action_time": "2025-05-05T17:49:55.819Z",
    "user": 1,
    "content_type": 37,
    "object_id": "1",
    "object_repr": "Vacaciones (Horas sin Ingresos)",
    "action_flag": 1,
    "change_message": "[{\"added\": {}}]"
  }
},
{
  "model": "admin.logentry",
  "pk": 16,
  "fields": {
    "action_time": "2025-05-05T17:50:01.929Z",
    "user": 1,
    "content_type": 37,
    "object_id": "2",
    "object_repr": "Refrigerio (Horas sin Ingresos)",
    "action_flag": 1,
    "change_message": "[{\"added\": {}}]"
  }
},
{
  "model": "admin.logentry",
  "pk": 17,
  "fields": {
    "action_time": "2025-05-05T17:50:22.069Z",
    "user": 1,
    "content_type": 37,
    "object_id": "3",
    "object_repr": "Sin trabajo asignado (Horas sin Ingresos)",
    "action_flag": 1,
    "change_message": "[{\"added\": {}}]"
  }
},
{
  "model": "admin.logentry",
  "pk": 18,
  "fields": {
    "action_time": "2025-05-05T17:50:29.678Z",
    "user": 1,
    "content_type": 37,
    "object_id": "4",
    "object_repr": "Limpieza General (Horas sin Ingresos)",
    "action_flag": 1,
    "change_message": "[{\"added\": {}}]"
  }
},
{
  "model": "admin.logentry",
  "pk": 19,
  "fields": {
    "action_time": "2025-05-05T17:50:44.249Z",
    "user": 1,
    "content_type": 37,
    "object_id": "5",
    "object_repr": "Limpieza BOX-Herramientas (Horas sin Ingresos)",
    "action_flag": 1,
    "change_message": "[{\"added\": {}}]"
  }
},
{
  "model": "admin.logentry",
  "pk": 20,
  "fields": {
    "action_time": "2025-05-05T17:50:52.765Z",
    "user": 1,
    "content_type": 37,
    "object_id": "6",
    "object_repr": "Limpieza Camionetas (Horas sin Ingresos)",
    "action_flag": 1,
    "change_message": "[{\"added\": {}}]"
  }
},
{
  "model": "admin.logentry",
  "pk": 21,
  "fields": {
    "action_time": "2025-05-05T17:51:05.346Z",
    "user": 1,
    "content_type": 37,
    "object_id": "7",
    "object_repr": "Revision 5S (Horas sin Ingresos)",
    "action_flag": 1,
    "change_message": "[{\"added\": {}}]"
  }
},
{
  "model": "admin.logentry",
  "pk": 22,
  "fields": {
    "action_time": "2025-05-05T17:51:11.696Z",
    "user": 1,
    "content_type": 37,
    "object_id": "8",
    "object_repr": "Capacitacion (Horas sin Ingresos)",
    "action_flag": 1,
    "change_message": "[{\"added\": {}}]"
  }
},
{
  "model": "admin.logentry",
  "pk": 23,
  "fields": {
    "action_time": "2025-05-05T17:51:22.844Z",
    "user": 1,
    "content_type": 37,
    "object_id": "9",
    "object_repr": "Reunion Interna Organizativa (Horas sin Ingresos)",
    "action_flag": 1,
    "change_message": "[{\"added\": {}}]"
  }
},
{
  "model": "admin.logentry",
  "pk": 24,
  "fields": {
    "action_time": "2025-05-05T17:51:32.363Z",
    "user": 1,
    "content_type": 37,
    "object_id": "10",
    "object_repr": "Reunion Externa (Horas sin Ingresos)",
    "action_flag": 1,
    "change_message": "[{\"added\": {}}]"
  }
},
{
  "model": "admin.logentry",
  "pk": 25,
  "fields": {
    "action_time": "2025-05-05T17:51:46.003Z",
    "user": 1,
    "content_type": 37,
    "object_id": "11",
    "object_repr": "Preparacion para salida al campo (Horas sin Ingresos)",
    "action_flag": 1,
    "change_message": "[{\"added\": {}}]"
  }
},
{
  "model": "admin.logentry",
  "pk": 26,
  "fields": {
    "action_time": "2025-05-05T17:52:05.562Z",
    "user": 1,
    "content_type": 37,
    "object_id": "12",
    "object_repr": "Preparacion repuestos/herramientas para trabajo en taller (Horas sin Ingresos)",
    "action_flag": 1,
    "change_message": "[{\"added\": {}}]"
  }
},
{
  "model": "admin.logentry",
  "pk": 27,
  "fields": {
    "action_time": "2025-05-05T17:52:19.583Z",
    "user": 1,
    "content_type": 37,
    "object_id": "13",
    "object_repr": "Viaje IDA/VUELTA a locacion cliente (Horas con Ingresos)",
    "action_flag": 1,
    "change_message": "[{\"added\": {}}]"
  }
},
{
  "model": "admin.logentry",
  "pk": 28,
  "fields": {
    "action_time": "2025-05-05T17:52:33.640Z",
    "user": 1,
    "content_type": 37,
    "object_id": "14",
    "object_repr": "Servicio/Reparaciones (Horas con Ingresos)",
    "action_flag": 1,
    "change_message": "[{\"added\": {}}]"
  }
},
{
  "model": "admin.logentry",
  "pk": 29,
  "fields": {
    "action_time": "2025-05-05T17:52:44.342Z",
    "user": 1,
    "content_type": 37,
    "object_id": "15",
    "object_repr": "Servicio Remoto (Horas con Ingresos)",
    "action_flag": 1,
    "change_message": "[{\"added\": {}}]"
  }
},
{
  "model": "admin.logentry",
  "pk": 30,
  "fields": {
    "action_time": "2025-05-05T17:52:53.309Z",
    "user": 1,
    "content_type": 37,
    "object_id": "16",
    "object_repr": "Hora extra trabajo (Horas con Ingresos)",
    "action_flag": 1,
    "change_message": "[{\"added\": {}}]"
  }
},
{
  "model": "admin.logentry",
  "pk": 31,
  "fields": {
    "action_time": "2025-05-05T17:53:01.148Z",
    "user": 1,
    "content_type": 37,
    "object_id": "17",
    "object_repr": "Hora extra viaje (Horas con Ingresos)",
    "action_flag": 1,
    "change_message": "[{\"added\": {}}]"
  }
},
{
  "model": "admin.logentry",
  "pk": 32,
  "fields": {
    "action_time": "2025-05-05T17:53:37.305Z",
    "user": 1,
    "content_type": 37,
    "object_id": "17",
    "object_repr": "Hora extra viaje (Horas con Ingresos)",
    "action_flag": 3,
    "change_message": ""
  }
},
{
  "model": "admin.logentry",
  "pk": 33,
  "fields": {
    "action_time": "2025-05-05T17:53:39.770Z",
    "user": 1,
    "content_type": 37,
    "object_id": "16",
    "object_repr": "Hora extra trabajo (Horas con Ingresos)",
    "action_flag": 3,
    "change_message": ""
  }
},
{
  "model": "admin.logentry",
  "pk": 34,
  "fields": {
    "action_time": "2025-05-05T17:53:42.290Z",
    "user": 1,
    "content_type": 37,
    "object_id": "15",
    "object_repr": "Servicio Remoto (Horas con Ingresos)",
    "action_flag": 3,
    "change_message": ""
  }
},
{
  "model": "admin.logentry",
  "pk": 35,
  "fields": {
    "action_time": "2025-05-05T17:53:44.748Z",
    "user": 1,
    "content_type": 37,
    "object_id": "14",
    "object_repr": "Servicio/Reparaciones (Horas con Ingresos)",
    "action_flag": 3,
    "change_message": ""
  }
},
{
  "model": "admin.logentry",
  "pk": 36,
  "fields": {
    "action_time": "2025-05-05T17:53:47.179Z",
    "user": 1,
    "content_type": 37,
    "object_id": "13",
    "object_repr": "Viaje IDA/VUELTA a locacion cliente (Horas con Ingresos)",
    "action_flag": 3,
    "change_message": ""
  }
},
{
  "model": "admin.logentry",
  "pk": 37,
  "fields": {
    "action_time": "2025-05-05T17:53:49.554Z",
    "user": 1,
    "content_type": 37,
    "object_id": "12",
    "object_repr": "Preparacion repuestos/herramientas para trabajo en taller (Horas sin Ingresos)",
    "action_flag": 3,
    "change_message": ""
  }
},
{
  "model": "admin.logentry",
  "pk": 38,
  "fields": {
    "action_time": "2025-05-05T17:53:51.989Z",
    "user": 1,
    "content_type": 37,
    "object_id": "11",
    "object_repr": "Preparacion para salida al campo (Horas sin Ingresos)",
    "action_flag": 3,
    "change_message": ""
  }
},
{
  "model": "admin.logentry",
  "pk": 39,
  "fields": {
    "action_time": "2025-05-05T17:53:54.287Z",
    "user": 1,
    "content_type": 37,
    "object_id": "10",
    "object_repr": "Reunion Externa (Horas sin Ingresos)",
    "action_flag": 3,
    "change_message": ""
  }
},
{
  "model": "admin.logentry",
  "pk": 40,
  "fields": {
    "action_time": "2025-05-05T17:53:58.123Z",
    "user": 1,
    "content_type": 37,
    "object_id": "9",
    "object_repr": "Reunion Interna Organizativa (Horas sin Ingresos)",
    "action_flag": 3,
    "change_message": ""
  }
},
{
  "model": "admin.logentry",
  "pk": 41,
  "fields": {
    "action_time": "2025-05-05T17:54:00.604Z",
    "user": 1,
    "content_type": 37,
    "object_id": "8",
    "object_repr": "Capacitacion (Horas sin Ingresos)",
    "action_flag": 3,
    "change_message": ""
  }
},
{
  "model": "admin.logentry",
  "pk": 42,
  "fields": {
    "action_time": "2025-05-05T17:54:03.091Z",
    "user": 1,
    "content_type": 37,
    "object_id": "7",
    "object_repr": "Revision 5S (Horas sin Ingresos)",
    "action_flag": 3,
    "change_message": ""
  }
},
{
  "model": "admin.logentry",
  "pk": 43,
  "fields": {
    "action_time": "2025-05-05T17:54:05.403Z",
    "user": 1,
    "content_type": 37,
    "object_id": "6",
    "object_repr": "Limpieza Camionetas (Horas sin Ingresos)",
    "action_flag": 3,
    "change_message": ""
  }
},
{
  "model": "admin.logentry",
  "pk": 44,
  "fields": {
    "action_time": "2025-05-05T17:54:07.886Z",
    "user": 1,
    "content_type": 37,
    "object_id": "5",
    "object_repr": "Limpieza BOX-Herramientas (Horas sin Ingresos)",
    "action_flag": 3,
    "change_message": ""
  }
},
{
  "model": "admin.logentry",
  "pk": 45,
  "fields": {
    "action_time": "2025-05-05T17:54:10.245Z",
    "user": 1,
    "content_type": 37,
    "object_id": "4",
    "object_repr": "Limpieza General (Horas sin Ingresos)",
    "action_flag": 3,
    "change_message": ""
  }
},
{
  "model": "admin.logentry",
  "pk": 46,
  "fields": {
    "action_time": "2025-05-05T17:54:12.571Z",
    "user": 1,
    "content_type": 37,
    "object_id": "3",
    "object_repr": "Sin trabajo asignado (Horas sin Ingresos)",
    "action_flag": 3,
    "change_message": ""
  }
},
{
  "model": "admin.logentry",
  "pk": 47,
  "fields": {
    "action_time": "2025-05-05T17:54:14.796Z",
    "user": 1,
    "content_type": 37,
    "object_id": "2",
    "object_repr": "Refrigerio (Horas sin Ingresos)",
    "action_flag": 3,
    "change_message": ""
  }
},
{
  "model": "admin.logentry",
  "pk": 48,
  "fields": {
    "action_time": "2025-05-05T17:54:18.459Z",
    "user": 1,
    "content_type": 37,
    "object_id": "1",
    "object_repr": "Vacaciones (Horas sin Ingresos)",
    "action_flag": 3,
    "change_message": ""
  }
},
{
  "model": "admin.logentry",
  "pk": 49,
  "fields": {
    "action_time": "2025-05-05T17:54:29.203Z",
    "user": 1,
    "content_type": 37,
    "object_id": "18",
    "object_repr": "Con Ingresos (Horas con Ingresos)",
    "action_flag": 1,
    "change_message": "[{\"added\": {}}]"
  }
},
{
  "model": "admin.logentry",
  "pk": 50,
  "fields": {
    "action_time": "2025-05-05T17:54:38.132Z",
    "user": 1,
    "content_type": 37,
    "object_id": "19",
    "object_repr": "Sin Ingresos (Horas sin Ingresos)",
    "action_flag": 1,
    "change_message": "[{\"added\": {}}]"
  }
},
{
  "model": "admin.logentry",
  "pk": 51,
  "fields": {
    "action_time": "2025-05-05T17:54:56.232Z",
    "user": 1,
    "content_type": 44,
    "object_id": "1",
    "object_repr": "Ausencia (Horas sin Ingresos)",
    "action_flag": 1,
    "change_message": "[{\"added\": {}}]"
  }
},
{
  "model": "admin.logentry",
  "pk": 52,
  "fields": {
    "action_time": "2025-05-05T17:55:02.713Z",
    "user": 1,
    "content_type": 44,
    "object_id": "2",
    "object_repr": "Vacaciones (Horas sin Ingresos)",
    "action_flag": 1,
    "change_message": "[{\"added\": {}}]"
  }
},
{
  "model": "admin.logentry",
  "pk": 53,
  "fields": {
    "action_time": "2025-05-05T17:55:09.352Z",
    "user": 1,
    "content_type": 44,
    "object_id": "3",
    "object_repr": "Refrigerio (Horas sin Ingresos)",
    "action_flag": 1,
    "change_message": "[{\"added\": {}}]"
  }
},
{
  "model": "admin.logentry",
  "pk": 54,
  "fields": {
    "action_time": "2025-05-05T17:55:16.533Z",
    "user": 1,
    "content_type": 44,
    "object_id": "4",
    "object_repr": "Sin trabajo asignado (Horas sin Ingresos)",
    "action_flag": 1,
    "change_message": "[{\"added\": {}}]"
  }
},
{
  "model": "admin.logentry",
  "pk": 55,
  "fields": {
    "action_time": "2025-05-05T17:55:23.181Z",
    "user": 1,
    "content_type": 44,
    "object_id": "5",
    "object_repr": "Limpieza general (Horas sin Ingresos)",
    "action_flag": 1,
    "change_message": "[{\"added\": {}}]"
  }
},
{
  "model": "admin.logentry",
  "pk": 56,
  "fields": {
    "action_time": "2025-05-05T17:55:33.461Z",
    "user": 1,
    "content_type": 44,
    "object_id": "6",
    "object_repr": "Limpieza Box-Herramientas (Horas sin Ingresos)",
    "action_flag": 1,
    "change_message": "[{\"added\": {}}]"
  }
},
{
  "model": "admin.logentry",
  "pk": 57,
  "fields": {
    "action_time": "2025-05-05T17:55:41.039Z",
    "user": 1,
    "content_type": 44,
    "object_id": "7",
    "object_repr": "Limpieza Camionetas (Horas sin Ingresos)",
    "action_flag": 1,
    "change_message": "[{\"added\": {}}]"
  }
},
{
  "model": "admin.logentry",
  "pk": 58,
  "fields": {
    "action_time": "2025-05-05T17:55:47.341Z",
    "user": 1,
    "content_type": 44,
    "object_id": "8",
    "object_repr": "Revision 5S (Horas sin Ingresos)",
    "action_flag": 1,
    "change_message": "[{\"added\": {}}]"
  }
},
{
  "model": "admin.logentry",
  "pk": 59,
  "fields": {
    "action_time": "2025-05-05T17:55:53.438Z",
    "user": 1,
    "content_type": 44,
    "object_id": "9",
    "object_repr": "Capacitacion (Horas sin Ingresos)",
    "action_flag": 1,
    "change_message": "[{\"added\": {}}]"
  }
},
{
  "model": "admin.logentry",
  "pk": 60,
  "fields": {
    "action_time": "2025-05-05T17:56:02.188Z",
    "user": 1,
    "content_type": 44,
    "object_id": "10",
    "object_repr": "Reunion Interna Organizativa (Horas sin Ingresos)",
    "action_flag": 1,
    "change_message": "[{\"added\": {}}]"
  }
},
{
  "model": "admin.logentry",
  "pk": 61,
  "fields": {
    "action_time": "2025-05-05T17:56:12.549Z",
    "user": 1,
    "content_type": 44,
    "object_id": "11",
    "object_repr": "Reunion Externa Cliente/JD (Horas sin Ingresos)",
    "action_flag": 1,
    "change_message": "[{\"added\": {}}]"
  }
},
{
  "model": "admin.logentry",
  "pk": 62,
  "fields": {
    "action_time": "2025-05-05T17:56:21.238Z",
    "user": 1,
    "content_type": 44,
    "object_id": "12",
    "object_repr": "Preparacion para salida al campo (Horas sin Ingresos)",
    "action_flag": 1,
    "change_message": "[{\"added\": {}}]"
  }
},
{
  "model": "admin.logentry",
  "pk": 63,
  "fields": {
    "action_time": "2025-05-05T17:56:35.066Z",
    "user": 1,
    "content_type": 44,
    "object_id": "13",
    "object_repr": "Preparacion repuestos/herramientas para trabajo en taller (Horas sin Ingresos)",
    "action_flag": 1,
    "change_message": "[{\"added\": {}}]"
  }
},
{
  "model": "admin.logentry",
  "pk": 64,
  "fields": {
    "action_time": "2025-05-05T17:56:54.582Z",
    "user": 1,
    "content_type": 44,
    "object_id": "14",
    "object_repr": "Viaje IDA/VUELTA a campo (Horas sin Ingresos)",
    "action_flag": 1,
    "change_message": "[{\"added\": {}}]"
  }
},
{
  "model": "admin.logentry",
  "pk": 65,
  "fields": {
    "action_time": "2025-05-05T17:57:12.993Z",
    "user": 1,
    "content_type": 44,
    "object_id": "15",
    "object_repr": "Realizacion de servicio/reparacion (Horas con Ingresos)",
    "action_flag": 1,
    "change_message": "[{\"added\": {}}]"
  }
},
{
  "model": "admin.logentry",
  "pk": 66,
  "fields": {
    "action_time": "2025-05-05T17:57:23.110Z",
    "user": 1,
    "content_type": 44,
    "object_id": "16",
    "object_repr": "Realizacion de servicio remoto (Horas con Ingresos)",
    "action_flag": 1,
    "change_message": "[{\"added\": {}}]"
  }
},
{
  "model": "admin.logentry",
  "pk": 67,
  "fields": {
    "action_time": "2025-05-05T17:57:31.170Z",
    "user": 1,
    "content_type": 44,
    "object_id": "17",
    "object_repr": "Hora extra trabajo (Horas con Ingresos)",
    "action_flag": 1,
    "change_message": "[{\"added\": {}}]"
  }
},
{
  "model": "admin.logentry",
  "pk": 68,
  "fields": {
    "action_time": "2025-05-05T17:57:40.710Z",
    "user": 1,
    "content_type": 44,
    "object_id": "18",
    "object_repr": "Hora extra viaje (Horas con Ingresos)",
    "action_flag": 1,
    "change_message": "[{\"added\": {}}]"
  }
},
{
  "model": "admin.logentry",
  "pk": 69,
  "fields": {
    "action_time": "2025-05-05T17:57:55.581Z",
    "user": 1,
    "content_type": 44,
    "object_id": "14",
    "object_repr": "Viaje IDA/VUELTA a campo (Horas con Ingresos)",
    "action_flag": 2,
    "change_message": "[{\"changed\": {\"fields\": [\"Tipo de Hora\"]}}]"
  }
},
{
  "model": "admin.logentry",
  "pk": 70,
  "fields": {
    "action_time": "2025-05-06T17:32:35.545Z",
    "user": 1,
    "content_type": 44,
    "object_id": "19",
    "object_repr": "Soporte a Repuestos/Servicios (Horas sin Ingresos)",
    "action_flag": 1,
    "change_message": "[{\"added\": {}}]"
  }
},
{
  "model": "admin.logentry",
  "pk": 71,
  "fields": {
    "action_time": "2025-05-06T19:00:06.156Z",
    "user": 1,
    "content_type": 44,
    "object_id": "19",
    "object_repr": "Soporte a Repuestos/Servicios (DISPONIBLE - NO_INGRESO)",
    "action_flag": 2,
    "change_message": "[{\"changed\": {\"fields\": [\"Disponibilidad\", \"Generaci\\u00f3n de Ingreso\", \"Categor\\u00eda de Facturaci\\u00f3n\", \"Categor\\u00eda de Facturaci\\u00f3n Destinatario\"]}}]"
  }
},
{
  "model": "admin.logentry",
  "pk": 72,
  "fields": {
    "action_time": "2025-05-06T19:00:16.830Z",
    "user": 1,
    "content_type": 44,
    "object_id": "19",
    "object_repr": "Soporte a Repuestos/Servicios (DISPONIBLE - NO_INGRESO)",
    "action_flag": 2,
    "change_message": "[]"
  }
},
{
  "model": "admin.logentry",
  "pk": 73,
  "fields": {
    "action_time": "2025-05-06T19:00:21.010Z",
    "user": 1,
    "content_type": 44,
    "object_id": "19",
    "object_repr": "Soporte a Repuestos/Servicios (DISPONIBLE - NO_INGRESO)",
    "action_flag": 2,
    "change_message": "[]"
  }
},
{
  "model": "admin.logentry",
  "pk": 74,
  "fields": {
    "action_time": "2025-05-06T19:00:42.590Z",
    "user": 1,
    "content_type": 44,
    "object_id": "18",
    "object_repr": "Hora extra viaje (DISPONIBLE - INGRESO)",
    "action_flag": 2,
    "change_message": "[{\"changed\": {\"fields\": [\"Disponibilidad\", \"Generaci\\u00f3n de Ingreso\", \"Categor\\u00eda de Facturaci\\u00f3n\", \"Categor\\u00eda de Facturaci\\u00f3n Destinatario\"]}}]"
  }
},
{
  "model": "admin.logentry",
  "pk": 75,
  "fields": {
    "action_time": "2025-05-06T19:01:52.593Z",
    "user": 1,
    "content_type": 44,
    "object_id": "17",
    "object_repr": "Hora extra trabajo (DISPONIBLE - INGRESO)",
    "action_flag": 2,
    "change_message": "[{\"changed\": {\"fields\": [\"Disponibilidad\", \"Generaci\\u00f3n de Ingreso\", \"Categor\\u00eda de Facturaci\\u00f3n\"]}}]"
  }
},
{
  "model": "admin.logentry",
  "pk": 76,
  "fields": {
    "action_time": "2025-05-06T19:02:00.220Z",
    "user": 1,
    "content_type": 44,
    "object_id": "16",
    "object_repr": "Realizacion de servicio remoto (DISPONIBLE - INGRESO)",
    "action_flag": 2,
    "change_message": "[{\"changed\": {\"fields\": [\"Disponibilidad\", \"Generaci\\u00f3n de Ingreso\", \"Categor\\u00eda de Facturaci\\u00f3n\"]}}]"
  }
},
{
  "model": "admin.logentry",
  "pk": 77,
  "fields": {
    "action_time": "2025-05-06T19:02:12.072Z",
    "user": 1,
    "content_type": 44,
    "object_id": "15",
    "object_repr": "Realizacion de servicio/reparacion (DISPONIBLE - INGRESO)",
    "action_flag": 2,
    "change_message": "[{\"changed\": {\"fields\": [\"Disponibilidad\", \"Generaci\\u00f3n de Ingreso\", \"Categor\\u00eda de Facturaci\\u00f3n\"]}}]"
  }
},
{
  "model": "admin.logentry",
  "pk": 78,
  "fields": {
    "action_time": "2025-05-06T19:02:22.000Z",
    "user": 1,
    "content_type": 44,
    "object_id": "14",
    "object_repr": "Viaje IDA/VUELTA a campo (DISPONIBLE - INGRESO)",
    "action_flag": 2,
    "change_message": "[{\"changed\": {\"fields\": [\"Disponibilidad\", \"Generaci\\u00f3n de Ingreso\", \"Categor\\u00eda de Facturaci\\u00f3n\"]}}]"
  }
},
{
  "model": "admin.logentry",
  "pk": 79,
  "fields": {
    "action_time": "2025-05-06T19:02:36.058Z",
    "user": 1,
    "content_type": 44,
    "object_id": "13",
    "object_repr": "Preparacion repuestos/herramientas para trabajo en taller (DISPONIBLE - NO_INGRESO)",
    "action_flag": 2,
    "change_message": "[{\"changed\": {\"fields\": [\"Disponibilidad\", \"Generaci\\u00f3n de Ingreso\", \"Categor\\u00eda de Facturaci\\u00f3n\"]}}]"
  }
},
{
  "model": "admin.logentry",
  "pk": 80,
  "fields": {
    "action_time": "2025-05-06T19:02:59.428Z",
    "user": 1,
    "content_type": 44,
    "object_id": "12",
    "object_repr": "Preparacion para salida al campo (DISPONIBLE - NO_INGRESO)",
    "action_flag": 2,
    "change_message": "[{\"changed\": {\"fields\": [\"Disponibilidad\", \"Generaci\\u00f3n de Ingreso\", \"Categor\\u00eda de Facturaci\\u00f3n\"]}}]"
  }
},
{
  "model": "admin.logentry",
  "pk": 81,
  "fields": {
    "action_time": "2025-05-06T19:03:14.256Z",
    "user": 1,
    "content_type": 44,
    "object_id": "11",
    "object_repr": "Reunion Externa Cliente/JD (DISPONIBLE - NO_INGRESO)",
    "action_flag": 2,
    "change_message": "[{\"changed\": {\"fields\": [\"Disponibilidad\", \"Generaci\\u00f3n de Ingreso\", \"Categor\\u00eda de Facturaci\\u00f3n\"]}}]"
  }
},
{
  "model": "admin.logentry",
  "pk": 82,
  "fields": {
    "action_time": "2025-05-06T19:03:33.432Z",
    "user": 1,
    "content_type": 44,
    "object_id": "20",
    "object_repr": "Feriado (NO_DISPONIBLE - None)",
    "action_flag": 1,
    "change_message": "[{\"added\": {}}]"
  }
},
{
  "model": "admin.logentry",
  "pk": 83,
  "fields": {
    "action_time": "2025-05-06T19:03:39.463Z",
    "user": 1,
    "content_type": 44,
    "object_id": "11",
    "object_repr": "Reunion Externa Cliente/JD (DISPONIBLE - NO_INGRESO)",
    "action_flag": 2,
    "change_message": "[]"
  }
},
{
  "model": "admin.logentry",
  "pk": 84,
  "fields": {
    "action_time": "2025-05-06T19:03:45.663Z",
    "user": 1,
    "content_type": 44,
    "object_id": "10",
    "object_repr": "Reunion Interna Organizativa (DISPONIBLE - NO_INGRESO)",
    "action_flag": 2,
    "change_message": "[{\"changed\": {\"fields\": [\"Disponibilidad\", \"Generaci\\u00f3n de Ingreso\", \"Categor\\u00eda de Facturaci\\u00f3n\"]}}]"
  }
},
{
  "model": "admin.logentry",
  "pk": 85,
  "fields": {
    "action_time": "2025-05-06T19:04:27.541Z",
    "user": 1,
    "content_type": 44,
    "object_id": "9",
    "object_repr": "Capacitacion (NO_DISPONIBLE - None)",
    "action_flag": 2,
    "change_message": "[{\"changed\": {\"fields\": [\"Disponibilidad\", \"Generaci\\u00f3n de Ingreso\", \"Categor\\u00eda de Facturaci\\u00f3n\"]}}]"
  }
},
{
  "model": "admin.logentry",
  "pk": 86,
  "fields": {
    "action_time": "2025-05-06T19:04:50.479Z",
    "user": 1,
    "content_type": 44,
    "object_id": "8",
    "object_repr": "Revision 5S (DISPONIBLE - NO_INGRESO)",
    "action_flag": 2,
    "change_message": "[{\"changed\": {\"fields\": [\"Disponibilidad\", \"Generaci\\u00f3n de Ingreso\", \"Categor\\u00eda de Facturaci\\u00f3n\"]}}]"
  }
},
{
  "model": "admin.logentry",
  "pk": 87,
  "fields": {
    "action_time": "2025-05-06T19:05:06.054Z",
    "user": 1,
    "content_type": 44,
    "object_id": "9",
    "object_repr": "Capacitacion Presencial (NO_DISPONIBLE - None)",
    "action_flag": 2,
    "change_message": "[{\"changed\": {\"fields\": [\"Nombre\"]}}]"
  }
},
{
  "model": "admin.logentry",
  "pk": 88,
  "fields": {
    "action_time": "2025-05-06T19:05:24.883Z",
    "user": 1,
    "content_type": 44,
    "object_id": "21",
    "object_repr": "Capacitacion Online (DISPONIBLE - NO_INGRESO)",
    "action_flag": 1,
    "change_message": "[{\"added\": {}}]"
  }
},
{
  "model": "admin.logentry",
  "pk": 89,
  "fields": {
    "action_time": "2025-05-06T19:05:40.251Z",
    "user": 1,
    "content_type": 44,
    "object_id": "8",
    "object_repr": "Revision 5S (DISPONIBLE - NO_INGRESO)",
    "action_flag": 2,
    "change_message": "[]"
  }
},
{
  "model": "admin.logentry",
  "pk": 90,
  "fields": {
    "action_time": "2025-05-06T19:05:45.003Z",
    "user": 1,
    "content_type": 44,
    "object_id": "7",
    "object_repr": "Limpieza Camionetas (DISPONIBLE - NO_INGRESO)",
    "action_flag": 2,
    "change_message": "[{\"changed\": {\"fields\": [\"Disponibilidad\", \"Generaci\\u00f3n de Ingreso\", \"Categor\\u00eda de Facturaci\\u00f3n\"]}}]"
  }
},
{
  "model": "admin.logentry",
  "pk": 91,
  "fields": {
    "action_time": "2025-05-06T19:05:57.431Z",
    "user": 1,
    "content_type": 44,
    "object_id": "6",
    "object_repr": "Limpieza Box-Herramientas (DISPONIBLE - NO_INGRESO)",
    "action_flag": 2,
    "change_message": "[{\"changed\": {\"fields\": [\"Disponibilidad\", \"Generaci\\u00f3n de Ingreso\", \"Categor\\u00eda de Facturaci\\u00f3n\"]}}]"
  }
},
{
  "model": "admin.logentry",
  "pk": 92,
  "fields": {
    "action_time": "2025-05-06T19:06:04.711Z",
    "user": 1,
    "content_type": 44,
    "object_id": "5",
    "object_repr": "Limpieza general (DISPONIBLE - NO_INGRESO)",
    "action_flag": 2,
    "change_message": "[{\"changed\": {\"fields\": [\"Disponibilidad\", \"Generaci\\u00f3n de Ingreso\", \"Categor\\u00eda de Facturaci\\u00f3n\"]}}]"
  }
},
{
  "model": "admin.logentry",
  "pk": 93,
  "fields": {
    "action_time": "2025-05-06T19:06:10.261Z",
    "user": 1,
    "content_type": 44,
    "object_id": "4",
    "object_repr": "Sin trabajo asignado (DISPONIBLE - NO_INGRESO)",
    "action_flag": 2,
    "change_message": "[{\"changed\": {\"fields\": [\"Disponibilidad\", \"Generaci\\u00f3n de Ingreso\", \"Categor\\u00eda de Facturaci\\u00f3n\"]}}]"
  }
},
{
  "model": "admin.logentry",
  "pk": 94,
  "fields": {
    "action_time": "2025-05-06T19:06:13.150Z",
    "user": 1,
    "content_type": 44,
    "object_id": "5",
    "object_repr": "Limpieza general (DISPONIBLE - NO_INGRESO)",
    "action_flag": 2,
    "change_message": "[]"
  }
},
{
  "model": "admin.logentry",
  "pk": 95,
  "fields": {
    "action_time": "2025-05-06T19:06:16.470Z",
    "user": 1,
    "content_type": 44,
    "object_id": "4",
    "object_repr": "Sin trabajo asignado (DISPONIBLE - NO_INGRESO)",
    "action_flag": 2,
    "change_message": "[]"
  }
},
{
  "model": "admin.logentry",
  "pk": 96,
  "fields": {
    "action_time": "2025-05-06T19:06:24.860Z",
    "user": 1,
    "content_type": 44,
    "object_id": "3",
    "object_repr": "Refrigerio (DISPONIBLE - NO_INGRESO)",
    "action_flag": 2,
    "change_message": "[{\"changed\": {\"fields\": [\"Disponibilidad\", \"Generaci\\u00f3n de Ingreso\", \"Categor\\u00eda de Facturaci\\u00f3n\"]}}]"
  }
},
{
  "model": "admin.logentry",
  "pk": 97,
  "fields": {
    "action_time": "2025-05-06T19:06:31.629Z",
    "user": 1,
    "content_type": 44,
    "object_id": "1",
    "object_repr": "Ausencia (NO_DISPONIBLE - None)",
    "action_flag": 2,
    "change_message": "[{\"changed\": {\"fields\": [\"Disponibilidad\", \"Generaci\\u00f3n de Ingreso\", \"Categor\\u00eda de Facturaci\\u00f3n\"]}}]"
  }
},
{
  "model": "admin.logentry",
  "pk": 98,
  "fields": {
    "action_time": "2025-05-06T19:06:36.247Z",
    "user": 1,
    "content_type": 44,
    "object_id": "2",
    "object_repr": "Vacaciones (NO_DISPONIBLE - None)",
    "action_flag": 2,
    "change_message": "[{\"changed\": {\"fields\": [\"Disponibilidad\", \"Generaci\\u00f3n de Ingreso\", \"Categor\\u00eda de Facturaci\\u00f3n\"]}}]"
  }
},
{
  "model": "admin.logentry",
  "pk": 99,
  "fields": {
    "action_time": "2025-05-06T19:06:50.008Z",
    "user": 1,
    "content_type": 44,
    "object_id": "22",
    "object_repr": "Almuerzo (NO_DISPONIBLE - None)",
    "action_flag": 1,
    "change_message": "[{\"added\": {}}]"
  }
},
{
  "model": "admin.logentry",
  "pk": 100,
  "fields": {
    "action_time": "2025-05-08T19:50:15.733Z",
    "user": 1,
    "content_type": 35,
    "object_id": "2",
    "object_repr": "Chubut",
    "action_flag": 1,
    "change_message": "[{\"added\": {}}]"
  }
},
{
  "model": "admin.logentry",
  "pk": 101,
  "fields": {
    "action_time": "2025-05-08T19:50:26.985Z",
    "user": 1,
    "content_type": 32,
    "object_id": "2",
    "object_repr": "Comodoro Rivadavia",
    "action_flag": 1,
    "change_message": "[{\"added\": {}}]"
  }
},
{
  "model": "admin.logentry",
  "pk": 102,
  "fields": {
    "action_time": "2025-05-08T19:51:23.299Z",
    "user": 1,
    "content_type": 38,
    "object_id": "2",
    "object_repr": "Comodoro Rivadavia - Comodoro Rivadavia",
    "action_flag": 1,
    "change_message": "[{\"added\": {}}]"
  }
},
{
  "model": "admin.logentry",
  "pk": 103,
  "fields": {
    "action_time": "2025-05-08T19:51:52.758Z",
    "user": 1,
    "content_type": 29,
    "object_id": "3",
    "object_repr": "Carilli, Bruno - Técnico",
    "action_flag": 1,
    "change_message": "[{\"added\": {}}]"
  }
},
{
  "model": "admin.logentry",
  "pk": 104,
  "fields": {
    "action_time": "2025-05-08T20:09:39.922Z",
    "user": 1,
    "content_type": 19,
    "object_id": "1",
    "object_repr": "Comidas - $40",
    "action_flag": 2,
    "change_message": "[{\"changed\": {\"fields\": [\"Monto\"]}}]"
  }
},
{
  "model": "admin.logentry",
  "pk": 105,
  "fields": {
    "action_time": "2025-06-10T14:04:43.403Z",
    "user": 1,
    "content_type": 29,
    "object_id": "4",
    "object_repr": "Roca, Emanuel - Técnico",
    "action_flag": 1,
    "change_message": "[{\"added\": {}}]"
  }
},
{
  "model": "admin.logentry",
  "pk": 106,
  "fields": {
    "action_time": "2025-06-10T14:09:05.133Z",
    "user": 1,
    "content_type": 29,
    "object_id": "5",
    "object_repr": "Caliari, Enzo - Técnico",
    "action_flag": 1,
    "change_message": "[{\"added\": {}}]"
  }
},
{
  "model": "admin.logentry",
  "pk": 107,
  "fields": {
    "action_time": "2025-06-10T14:09:48.152Z",
    "user": 1,
    "content_type": 29,
    "object_id": "6",
    "object_repr": "Gomez, Anibal - Técnico",
    "action_flag": 1,
    "change_message": "[{\"added\": {}}]"
  }
},
{
  "model": "admin.logentry",
  "pk": 108,
  "fields": {
    "action_time": "2025-06-10T14:11:02.751Z",
    "user": 1,
    "content_type": 29,
    "object_id": "7",
    "object_repr": "Ruiz, Ignacio - Técnico",
    "action_flag": 1,
    "change_message": "[{\"added\": {}}]"
  }
},
{
  "model": "admin.logentry",
  "pk": 109,
  "fields": {
    "action_time": "2025-06-10T14:11:06.273Z",
    "user": 1,
    "content_type": 29,
    "object_id": "7",
    "object_repr": "Ruiz, Ignacio - Técnico",
    "action_flag": 2,
    "change_message": "[]"
  }
},
{
  "model": "admin.logentry",
  "pk": 110,
  "fields": {
    "action_time": "2025-06-10T14:12:49.670Z",
    "user": 1,
    "content_type": 29,
    "object_id": "8",
    "object_repr": "Guerrero, Misael - Técnico",
    "action_flag": 1,
    "change_message": "[{\"added\": {}}]"
  }
},
{
  "model": "admin.logentry",
  "pk": 111,
  "fields": {
    "action_time": "2025-06-10T14:12:51.732Z",
    "user": 1,
    "content_type": 29,
    "object_id": "8",
    "object_repr": "Guerrero, Misael - Técnico",
    "action_flag": 2,
    "change_message": "[]"
  }
},
{
  "model": "admin.logentry",
  "pk": 112,
  "fields": {
    "action_time": "2025-06-17T19:04:26.214Z",
    "user": 1,
    "content_type": 29,
    "object_id": "9",
    "object_repr": "Gonzalez, Fernanda - Administrativo",
    "action_flag": 1,
    "change_message": "[{\"added\": {}}]"
  }
},
{
  "model": "admin.logentry",
  "pk": 113,
  "fields": {
    "action_time": "2025-06-17T19:07:50.557Z",
    "user": 1,
    "content_type": 38,
    "object_id": "1",
    "object_repr": "Rio Grande - Rio Grande",
    "action_flag": 2,
    "change_message": "[{\"changed\": {\"fields\": [\"Direcci\\u00f3n\"]}}]"
  }
},
{
  "model": "admin.logentry",
  "pk": 114,
  "fields": {
    "action_time": "2025-06-17T19:08:26.344Z",
    "user": 1,
    "content_type": 24,
    "object_id": "3",
    "object_repr": "Orden 3",
    "action_flag": 3,
    "change_message": ""
  }
},
{
  "model": "admin.logentry",
  "pk": 115,
  "fields": {
    "action_time": "2025-06-17T19:08:29.583Z",
    "user": 1,
    "content_type": 24,
    "object_id": "2",
    "object_repr": "Orden 2",
    "action_flag": 3,
    "change_message": ""
  }
},
{
  "model": "admin.logentry",
  "pk": 116,
  "fields": {
    "action_time": "2025-06-17T19:08:40.787Z",
    "user": 1,
    "content_type": 19,
    "object_id": "1",
    "object_repr": "Comidas - $40.00",
    "action_flag": 3,
    "change_message": ""
  }
},
{
  "model": "admin.logentry",
  "pk": 117,
  "fields": {
    "action_time": "2025-06-17T19:08:51.532Z",
    "user": 1,
    "content_type": 25,
    "object_id": "1",
    "object_repr": "VentaRepuesto object (1)",
    "action_flag": 3,
    "change_message": ""
  }
},
{
  "model": "admin.logentry",
  "pk": 118,
  "fields": {
    "action_time": "2025-06-17T19:08:58.869Z",
    "user": 1,
    "content_type": 24,
    "object_id": "1",
    "object_repr": "Orden 1",
    "action_flag": 3,
    "change_message": ""
  }
},
{
  "model": "admin.logentry",
  "pk": 119,
  "fields": {
    "action_time": "2025-06-17T19:09:12.968Z",
    "user": 1,
    "content_type": 23,
    "object_id": "2",
    "object_repr": "Revisión 5S - Rio Grande - Rio Grande - 2025-06-10",
    "action_flag": 3,
    "change_message": ""
  }
},
{
  "model": "admin.logentry",
  "pk": 120,
  "fields": {
    "action_time": "2025-06-17T19:09:15.937Z",
    "user": 1,
    "content_type": 23,
    "object_id": "1",
    "object_repr": "Revisión 5S - Rio Grande - Rio Grande - 2025-06-10",
    "action_flag": 3,
    "change_message": ""
  }
},
{
  "model": "admin.logentry",
  "pk": 121,
  "fields": {
    "action_time": "2025-06-17T19:09:18.636Z",
    "user": 1,
    "content_type": 23,
    "object_id": "3",
    "object_repr": "Revisión 5S - Rio Grande - Rio Grande - 2025-06-02",
    "action_flag": 3,
    "change_message": ""
  }
},
{
  "model": "admin.logentry",
  "pk": 122,
  "fields": {
    "action_time": "2025-06-17T19:09:27.777Z",
    "user": 1,
    "content_type": 22,
    "object_id": "1",
    "object_repr": "PreOrden #1 - Constructora Vial Fueguina SA - 30-70929790-9 - 210G - Serie: 1234 (Constructora Vial Fueguina SA)",
    "action_flag": 3,
    "change_message": ""
  }
},
{
  "model": "admin.logentry",
  "pk": 123,
  "fields": {
    "action_time": "2025-06-17T19:09:32.284Z",
    "user": 1,
    "content_type": 22,
    "object_id": "2",
    "object_repr": "PreOrden #2 - Constructora Vial Fueguina SA - 30-70929790-9 - 210G - Serie: 1234 (Constructora Vial Fueguina SA)",
    "action_flag": 3,
    "change_message": ""
  }
},
{
  "model": "admin.logentry",
  "pk": 124,
  "fields": {
    "action_time": "2025-06-17T19:09:35.374Z",
    "user": 1,
    "content_type": 22,
    "object_id": "3",
    "object_repr": "PreOrden #3 - Constructora Vial Fueguina SA - 30-70929790-9 - 210G - Serie: 1234 (Constructora Vial Fueguina SA)",
    "action_flag": 3,
    "change_message": ""
  }
},
{
  "model": "admin.logentry",
  "pk": 125,
  "fields": {
    "action_time": "2025-06-17T19:10:03.420Z",
    "user": 1,
    "content_type": 40,
    "object_id": "1",
    "object_repr": "Palazzorossi, Daniel - Técnico - 2025-05-05 - Capacitacion Presencial (NO_DISPONIBLE - None)",
    "action_flag": 3,
    "change_message": ""
  }
},
{
  "model": "admin.logentry",
  "pk": 126,
  "fields": {
    "action_time": "2025-06-17T19:10:06.279Z",
    "user": 1,
    "content_type": 40,
    "object_id": "3",
    "object_repr": "Palazzorossi, Daniel - Técnico - 2025-05-05 - Refrigerio (DISPONIBLE - NO_INGRESO)",
    "action_flag": 3,
    "change_message": ""
  }
},
{
  "model": "admin.logentry",
  "pk": 127,
  "fields": {
    "action_time": "2025-06-17T19:10:09.373Z",
    "user": 1,
    "content_type": 40,
    "object_id": "2",
    "object_repr": "Palazzorossi, Daniel - Técnico - 2025-05-05 - Realizacion de servicio/reparacion (DISPONIBLE - INGRESO)",
    "action_flag": 3,
    "change_message": ""
  }
},
{
  "model": "admin.logentry",
  "pk": 128,
  "fields": {
    "action_time": "2025-06-17T19:10:12.904Z",
    "user": 1,
    "content_type": 40,
    "object_id": "4",
    "object_repr": "Palazzorossi, Daniel - Técnico - 2025-05-06 - Reunion Interna Organizativa (DISPONIBLE - NO_INGRESO)",
    "action_flag": 3,
    "change_message": ""
  }
},
{
  "model": "admin.logentry",
  "pk": 129,
  "fields": {
    "action_time": "2025-06-17T19:10:18.012Z",
    "user": 1,
    "content_type": 40,
    "object_id": "5",
    "object_repr": "Carilli, Bruno - Técnico - 2025-05-06 - Capacitacion Online (DISPONIBLE - NO_INGRESO)",
    "action_flag": 3,
    "change_message": ""
  }
},
{
  "model": "admin.logentry",
  "pk": 130,
  "fields": {
    "action_time": "2025-06-17T19:10:20.927Z",
    "user": 1,
    "content_type": 40,
    "object_id": "6",
    "object_repr": "Palazzorossi, Daniel - Técnico - 2025-06-17 - Realizacion de servicio/reparacion (DISPONIBLE - INGRESO)",
    "action_flag": 3,
    "change_message": ""
  }
},
{
  "model": "admin.logentry",
  "pk": 131,
  "fields": {
    "action_time": "2025-06-17T19:10:38.481Z",
    "user": 1,
    "content_type": 6,
    "object_id": "1",
    "object_repr": "Constructora Vial Fueguina SA - 30-70929790-9",
    "action_flag": 3,
    "change_message": ""
  }
},
{
  "model": "admin.logentry",
  "pk": 132,
  "fields": {
    "action_time": "2025-06-17T19:18:13.648Z",
    "user": 1,
    "content_type": 32,
    "object_id": "3",
    "object_repr": "Ushuaia",
    "action_flag": 1,
    "change_message": "[{\"added\": {}}]"
  }
},
{
  "model": "admin.logentry",
  "pk": 133,
  "fields": {
    "action_time": "2025-06-17T19:19:09.915Z",
    "user": 1,
    "content_type": 6,
    "object_id": "2",
    "object_repr": "Constructora Vial Fueguina SA - 30-70929790-9",
    "action_flag": 1,
    "change_message": "[{\"added\": {}}]"
  }
},
{
  "model": "admin.logentry",
  "pk": 134,
  "fields": {
    "action_time": "2025-06-17T19:19:37.665Z",
    "user": 1,
    "content_type": 9,
    "object_id": "2",
    "object_repr": "130G",
    "action_flag": 1,
    "change_message": "[{\"added\": {}}]"
  }
},
{
  "model": "admin.logentry",
  "pk": 135,
  "fields": {
    "action_time": "2025-06-17T19:19:46.509Z",
    "user": 1,
    "content_type": 9,
    "object_id": "3",
    "object_repr": "160G",
    "action_flag": 1,
    "change_message": "[{\"added\": {}}]"
  }
},
{
  "model": "admin.logentry",
  "pk": 136,
  "fields": {
    "action_time": "2025-06-17T19:19:56.926Z",
    "user": 1,
    "content_type": 9,
    "object_id": "4",
    "object_repr": "310L",
    "action_flag": 1,
    "change_message": "[{\"added\": {}}]"
  }
},
{
  "model": "admin.logentry",
  "pk": 137,
  "fields": {
    "action_time": "2025-06-17T19:20:07.280Z",
    "user": 1,
    "content_type": 10,
    "object_id": "1",
    "object_repr": "Test1234",
    "action_flag": 3,
    "change_message": ""
  }
},
{
  "model": "admin.logentry",
  "pk": 138,
  "fields": {
    "action_time": "2025-06-17T19:21:08.563Z",
    "user": 1,
    "content_type": 8,
    "object_id": "2",
    "object_repr": "210G - Serie: 1FF210GXPFD523086 (Constructora Vial Fueguina SA)",
    "action_flag": 1,
    "change_message": "[{\"added\": {}}]"
  }
},
{
  "model": "admin.logentry",
  "pk": 139,
  "fields": {
    "action_time": "2025-06-19T12:50:19.186Z",
    "user": 1,
    "content_type": 22,
    "object_id": "4",
    "object_repr": "PreOrden #4 - Constructora Vial Fueguina SA - 30-70929790-9 - 210G - Serie: 1FF210GXPFD523086 (Constructora Vial Fueguina SA)",
    "action_flag": 3,
    "change_message": ""
  }
},
{
  "model": "admin.logentry",
  "pk": 140,
  "fields": {
    "action_time": "2025-06-19T17:20:41.600Z",
    "user": 1,
    "content_type": 44,
    "object_id": "18",
    "object_repr": "Hora extra viaje (DISPONIBLE - INGRESO)",
    "action_flag": 3,
    "change_message": ""
  }
},
{
  "model": "admin.logentry",
  "pk": 141,
  "fields": {
    "action_time": "2025-06-19T17:20:50.174Z",
    "user": 1,
    "content_type": 44,
    "object_id": "17",
    "object_repr": "Hora extra trabajo (DISPONIBLE - INGRESO)",
    "action_flag": 3,
    "change_message": ""
  }
},
{
  "model": "admin.logentry",
  "pk": 142,
  "fields": {
    "action_time": "2025-06-19T17:22:52.659Z",
    "user": 1,
    "content_type": 44,
    "object_id": "9",
    "object_repr": "Capacitacion Presencial en Taller o fuera de Taller (NO_DISPONIBLE - None)",
    "action_flag": 2,
    "change_message": "[{\"changed\": {\"fields\": [\"Nombre\"]}}]"
  }
},
{
  "model": "admin.logentry",
  "pk": 143,
  "fields": {
    "action_time": "2025-06-23T20:42:36.859Z",
    "user": 1,
    "content_type": 24,
    "object_id": "4",
    "object_repr": "Orden 4",
    "action_flag": 3,
    "change_message": ""
  }
},
{
  "model": "admin.logentry",
  "pk": 144,
  "fields": {
    "action_time": "2025-06-23T20:48:24.546Z",
    "user": 1,
    "content_type": 24,
    "object_id": "5",
    "object_repr": "Orden 5",
    "action_flag": 3,
    "change_message": ""
  }
},
{
  "model": "admin.logentry",
  "pk": 145,
  "fields": {
    "action_time": "2025-06-24T17:24:36.545Z",
    "user": 1,
    "content_type": 6,
    "object_id": "2",
    "object_repr": "Constructora Vial Fueguina SA - 30-70929790-9",
    "action_flag": 2,
    "change_message": "[{\"changed\": {\"fields\": [\"Direcci\\u00f3n\"]}}]"
  }
},
{
  "model": "admin.logentry",
  "pk": 146,
  "fields": {
    "action_time": "2025-06-25T14:03:34.115Z",
    "user": 1,
    "content_type": 9,
    "object_id": "5",
    "object_repr": "310SJ",
    "action_flag": 1,
    "change_message": "[{\"added\": {}}]"
  }
},
{
  "model": "admin.logentry",
  "pk": 147,
  "fields": {
    "action_time": "2025-06-25T14:03:47.494Z",
    "user": 1,
    "content_type": 9,
    "object_id": "6",
    "object_repr": "310SL",
    "action_flag": 1,
    "change_message": "[{\"added\": {}}]"
  }
},
{
  "model": "admin.logentry",
  "pk": 148,
  "fields": {
    "action_time": "2025-06-25T14:03:56.043Z",
    "user": 1,
    "content_type": 9,
    "object_id": "7",
    "object_repr": "310SK",
    "action_flag": 1,
    "change_message": "[{\"added\": {}}]"
  }
},
{
  "model": "admin.logentry",
  "pk": 149,
  "fields": {
    "action_time": "2025-06-25T14:04:03.219Z",
    "user": 1,
    "content_type": 9,
    "object_id": "8",
    "object_repr": "310P",
    "action_flag": 1,
    "change_message": "[{\"added\": {}}]"
  }
},
{
  "model": "admin.logentry",
  "pk": 150,
  "fields": {
    "action_time": "2025-06-25T14:04:20.094Z",
    "user": 1,
    "content_type": 9,
    "object_id": "9",
    "object_repr": "310J",
    "action_flag": 1,
    "change_message": "[{\"added\": {}}]"
  }
},
{
  "model": "admin.logentry",
  "pk": 151,
  "fields": {
    "action_time": "2025-06-25T14:04:27.632Z",
    "user": 1,
    "content_type": 9,
    "object_id": "10",
    "object_repr": "310K",
    "action_flag": 1,
    "change_message": "[{\"added\": {}}]"
  }
},
{
  "model": "admin.logentry",
  "pk": 152,
  "fields": {
    "action_time": "2025-06-25T14:04:45.959Z",
    "user": 1,
    "content_type": 9,
    "object_id": "11",
    "object_repr": "310E",
    "action_flag": 1,
    "change_message": "[{\"added\": {}}]"
  }
},
{
  "model": "admin.logentry",
  "pk": 153,
  "fields": {
    "action_time": "2025-06-25T14:04:58.178Z",
    "user": 1,
    "content_type": 9,
    "object_id": "12",
    "object_repr": "310D",
    "action_flag": 1,
    "change_message": "[{\"added\": {}}]"
  }
},
{
  "model": "admin.logentry",
  "pk": 154,
  "fields": {
    "action_time": "2025-06-25T14:05:14.614Z",
    "user": 1,
    "content_type": 9,
    "object_id": "13",
    "object_repr": "200D",
    "action_flag": 1,
    "change_message": "[{\"added\": {}}]"
  }
},
{
  "model": "admin.logentry",
  "pk": 155,
  "fields": {
    "action_time": "2025-06-25T14:06:51.130Z",
    "user": 1,
    "content_type": 9,
    "object_id": "14",
    "object_repr": "U1GC1000-G",
    "action_flag": 1,
    "change_message": "[{\"added\": {}}]"
  }
},
{
  "model": "admin.logentry",
  "pk": 156,
  "fields": {
    "action_time": "2025-06-25T14:07:05.227Z",
    "user": 1,
    "content_type": 9,
    "object_id": "15",
    "object_repr": "444G",
    "action_flag": 1,
    "change_message": "[{\"added\": {}}]"
  }
},
{
  "model": "admin.logentry",
  "pk": 157,
  "fields": {
    "action_time": "2025-06-25T14:07:16.148Z",
    "user": 1,
    "content_type": 9,
    "object_id": "16",
    "object_repr": "544K",
    "action_flag": 1,
    "change_message": "[{\"added\": {}}]"
  }
},
{
  "model": "admin.logentry",
  "pk": 158,
  "fields": {
    "action_time": "2025-06-25T14:08:06.269Z",
    "user": 1,
    "content_type": 9,
    "object_id": "17",
    "object_repr": "35G",
    "action_flag": 1,
    "change_message": "[{\"added\": {}}]"
  }
},
{
  "model": "admin.logentry",
  "pk": 159,
  "fields": {
    "action_time": "2025-06-25T14:08:19.713Z",
    "user": 1,
    "content_type": 9,
    "object_id": "18",
    "object_repr": "670G",
    "action_flag": 1,
    "change_message": "[{\"added\": {}}]"
  }
},
{
  "model": "admin.logentry",
  "pk": 160,
  "fields": {
    "action_time": "2025-06-25T14:08:32.876Z",
    "user": 1,
    "content_type": 9,
    "object_id": "19",
    "object_repr": "770G",
    "action_flag": 1,
    "change_message": "[{\"added\": {}}]"
  }
},
{
  "model": "admin.logentry",
  "pk": 161,
  "fields": {
    "action_time": "2025-06-25T14:10:17.762Z",
    "user": 1,
    "content_type": 9,
    "object_id": "20",
    "object_repr": "200C LC",
    "action_flag": 1,
    "change_message": "[{\"added\": {}}]"
  }
},
{
  "model": "admin.logentry",
  "pk": 162,
  "fields": {
    "action_time": "2025-06-25T14:10:54.394Z",
    "user": 1,
    "content_type": 10,
    "object_id": "2",
    "object_repr": "4045TT096",
    "action_flag": 1,
    "change_message": "[{\"added\": {}}]"
  }
},
{
  "model": "admin.logentry",
  "pk": 163,
  "fields": {
    "action_time": "2025-06-25T14:18:50.085Z",
    "user": 1,
    "content_type": 10,
    "object_id": "3",
    "object_repr": "6068HDW74",
    "action_flag": 1,
    "change_message": "[{\"added\": {}}]"
  }
},
{
  "model": "admin.logentry",
  "pk": 164,
  "fields": {
    "action_time": "2025-06-25T14:19:44.198Z",
    "user": 1,
    "content_type": 10,
    "object_id": "4",
    "object_repr": "4045TT094",
    "action_flag": 1,
    "change_message": "[{\"added\": {}}]"
  }
},
{
  "model": "admin.logentry",
  "pk": 165,
  "fields": {
    "action_time": "2025-06-25T14:20:51.509Z",
    "user": 1,
    "content_type": 10,
    "object_id": "5",
    "object_repr": "6068HDW75",
    "action_flag": 1,
    "change_message": "[{\"added\": {}}]"
  }
},
{
  "model": "admin.logentry",
  "pk": 166,
  "fields": {
    "action_time": "2025-06-25T14:21:57.266Z",
    "user": 1,
    "content_type": 10,
    "object_id": "6",
    "object_repr": "6068HT112",
    "action_flag": 1,
    "change_message": "[{\"added\": {}}]"
  }
},
{
  "model": "admin.logentry",
  "pk": 167,
  "fields": {
    "action_time": "2025-06-25T14:22:50.422Z",
    "user": 1,
    "content_type": 10,
    "object_id": "7",
    "object_repr": "4024HT011",
    "action_flag": 1,
    "change_message": "[{\"added\": {}}]"
  }
},
{
  "model": "sessions.session",
  "pk": "02c35umsd2au517w31yr3pn38qco3cbc",
  "fields": {
    "session_data": ".eJxVjMEOwiAQRP-FsyGlwHbXo_d-Q7OwRKoGktKejP9um_Sgt8m8N_NWE29rnraWlmkWdVVGXX67wPGZygHkweVedaxlXeagD0WftOmxSnrdTvfvIHPL-xqMQ0GDvSXXhwG8JfaGCRNIdLQnCwMZB8wgATtPiA5tx4yRMFr1-QKlITZ3:1uSFW1:jAFKQCkOPDnz9yxp3UfynhlCuYJxjkwwlNUJzriYzoI",
    "expire_date": "2025-06-19T14:41:17.598Z"
  }
},
{
  "model": "sessions.session",
  "pk": "1m01y6en9l9gxlx8ustqyxc9woc48wy9",
  "fields": {
    "session_data": ".eJxVjMEOwiAQRP-FsyGlwHbXo_d-Q7OwRKoGktKejP9um_Sgt8m8N_NWE29rnraWlmkWdVVGXX67wPGZygHkweVedaxlXeagD0WftOmxSnrdTvfvIHPL-xqMQ0GDvSXXhwG8JfaGCRNIdLQnCwMZB8wgATtPiA5tx4yRMFr1-QKlITZ3:1uSFVy:mmwGuW4xtsNaGqCmSpokdzacUa2J_Nl3g-8t9YTeR1M",
    "expire_date": "2025-06-19T14:41:14.780Z"
  }
},
{
  "model": "sessions.session",
  "pk": "2ynriwbgdozx0z0kpah4xnna41lr4u1t",
  "fields": {
    "session_data": ".eJxVjMEOwiAQRP-FsyGlwHbXo_d-Q7OwRKoGktKejP9um_Sgt8m8N_NWE29rnraWlmkWdVVGXX67wPGZygHkweVedaxlXeagD0WftOmxSnrdTvfvIHPL-xqMQ0GDvSXXhwG8JfaGCRNIdLQnCwMZB8wgATtPiA5tx4yRMFr1-QKlITZ3:1uP5kh:YjsfHy33YWjw7hQy42ytMO53OdAzoxMZuP3LreqiKa8",
    "expire_date": "2025-06-10T21:39:23.312Z"
  }
},
{
  "model": "sessions.session",
  "pk": "3h1yxf6kh592wmpgc24gg0zo5fwvtoyn",
  "fields": {
    "session_data": ".eJxVjMEOwiAQRP-FsyGlwHbXo_d-Q7OwRKoGktKejP9um_Sgt8m8N_NWE29rnraWlmkWdVVGXX67wPGZygHkweVedaxlXeagD0WftOmxSnrdTvfvIHPL-xqMQ0GDvSXXhwG8JfaGCRNIdLQnCwMZB8wgATtPiA5tx4yRMFr1-QKlITZ3:1uSFW2:Cqdy2pKbbTLdsqx2MaDXIUGFdNKrEntZ7JbgfVFvU4Q",
    "expire_date": "2025-06-19T14:41:18.904Z"
  }
},
{
  "model": "sessions.session",
  "pk": "3ugr8oi83f7h32nwycy9cbzynafrlm47",
  "fields": {
    "session_data": ".eJxVjMEOwiAQRP-FsyGlwHbXo_d-Q7OwRKoGktKejP9um_Sgt8m8N_NWE29rnraWlmkWdVVGXX67wPGZygHkweVedaxlXeagD0WftOmxSnrdTvfvIHPL-xqMQ0GDvSXXhwG8JfaGCRNIdLQnCwMZB8wgATtPiA5tx4yRMFr1-QKlITZ3:1uTjVo:Xi0RYYC8VsDR0ljY1GcjlsHyseiNP_l3DIBDNyOQ7zw",
    "expire_date": "2025-06-23T16:55:12.365Z"
  }
},
{
  "model": "sessions.session",
  "pk": "4v54izrulsd0jm1iqrqk7ovvtjndnnse",
  "fields": {
    "session_data": ".eJxVjDsOwjAQBe_iGlnYjn-U9DlDtOtd4wCypTipEHeHSCmgfTPzXmKCbS3T1nmZZhIXocTpd0NID647oDvUW5Op1XWZUe6KPGiXYyN-Xg_376BAL9_axjOoaNFTzikFIGKDkNlH6xKwdU77EIyJVg9Ge0OI7CkoqyDEAUm8PwETOEs:1uC1LB:m9TTPHb5de-wiPWYdzUCrjXVM5tDkxG7WPP66xPD668",
    "expire_date": "2025-05-05T20:19:01.945Z"
  }
},
{
  "model": "sessions.session",
  "pk": "5j2pi0ugci29tp5feaf37jeo1cdu36y8",
  "fields": {
    "session_data": ".eJxVjDsOwjAQBe_iGlnYjn-U9DlDtOtd4wCypTipEHeHSCmgfTPzXmKCbS3T1nmZZhIXocTpd0NID647oDvUW5Op1XWZUe6KPGiXYyN-Xg_376BAL9_axjOoaNFTzikFIGKDkNlH6xKwdU77EIyJVg9Ge0OI7CkoqyDEAUm8PwETOEs:1uETJO:1nuJju6Vk2P2uIOmTK_HEgZ2R89_-xn2GvsxemOMQNw",
    "expire_date": "2025-05-12T14:35:18.054Z"
  }
},
{
  "model": "sessions.session",
  "pk": "75cgn581su830ywy2464d255ep9lgpqf",
  "fields": {
    "session_data": ".eJxVjMsOwiAQRf-FtSHDo8C4dO83kIGhUjU0Ke3K-O_apAvd3nPOfYlI21rj1ssSJxZnYcTpd0uUH6XtgO_UbrPMc1uXKcldkQft8jpzeV4O9--gUq_fupSBfEBC4kFrDOSVsuwACiYMFhwlxIAB9Oi1czYDGG_YOc9qNIbE-wPKnTbL:1uD7IS:Uu_PG1vqslAVLNoXsOOoEcb2OrcR7bMLXQYv4QARoRw",
    "expire_date": "2025-05-08T20:52:44.261Z"
  }
},
{
  "model": "sessions.session",
  "pk": "7w9zs5elnz5y5z7gdx3hy2u8x0gllbp1",
  "fields": {
    "session_data": ".eJxVjMEOwiAQRP-FsyGlwHbXo_d-Q7OwRKoGktKejP9um_Sgt8m8N_NWE29rnraWlmkWdVVGXX67wPGZygHkweVedaxlXeagD0WftOmxSnrdTvfvIHPL-xqMQ0GDvSXXhwG8JfaGCRNIdLQnCwMZB8wgATtPiA5tx4yRMFr1-QKlITZ3:1uUXAq:QrwQOHBJK75GvtxB8USdNX07vH_cEzIPRa7kdBNjq7o",
    "expire_date": "2025-06-25T21:56:52.980Z"
  }
},
{
  "model": "sessions.session",
  "pk": "8u1463n8vlulzl67yy8x82iztnz9b47m",
  "fields": {
    "session_data": ".eJxVjMEOwiAQRP-FsyGlwHbXo_d-Q7OwRKoGktKejP9um_Sgt8m8N_NWE29rnraWlmkWdVVGXX67wPGZygHkweVedaxlXeagD0WftOmxSnrdTvfvIHPL-xqMQ0GDvSXXhwG8JfaGCRNIdLQnCwMZB8wgATtPiA5tx4yRMFr1-QKlITZ3:1uRbLP:-kATt0PhqPWhOfPFMRk9POPzOW348raZoHGp7he_fUA",
    "expire_date": "2025-06-17T19:47:39.298Z"
  }
},
{
  "model": "sessions.session",
  "pk": "94hrfmivea3e88glp4s2xxyw1askwu6w",
  "fields": {
    "session_data": ".eJxVjDsOwjAQBe_iGlnYjn-U9DlDtOtd4wCypTipEHeHSCmgfTPzXmKCbS3T1nmZZhIXocTpd0NID647oDvUW5Op1XWZUe6KPGiXYyN-Xg_376BAL9_axjOoaNFTzikFIGKDkNlH6xKwdU77EIyJVg9Ge0OI7CkoqyDEAUm8PwETOEs:1uEUW5:hhn58RjDX3JuJEGQqXjOIC5dEhXc9Va1wGK1WLqhQT8",
    "expire_date": "2025-05-12T15:52:29.682Z"
  }
},
{
  "model": "sessions.session",
  "pk": "a13cbf6isojy1rjiwhxdxh6rco0gp0gg",
  "fields": {
    "session_data": ".eJxVjDsOwjAQBe_iGlnYjn-U9DlDtOtd4wCypTipEHeHSCmgfTPzXmKCbS3T1nmZZhIXocTpd0NID647oDvUW5Op1XWZUe6KPGiXYyN-Xg_376BAL9_axjOoaNFTzikFIGKDkNlH6xKwdU77EIyJVg9Ge0OI7CkoqyDEAUm8PwETOEs:1uCIuf:OG_40akqGcurK-VSp208JjyxWg6fXuwJNyCrExt30mg",
    "expire_date": "2025-05-06T15:04:49.752Z"
  }
},
{
  "model": "sessions.session",
  "pk": "adhis2xnxfhywej4igfro1x4evthrbki",
  "fields": {
    "session_data": ".eJxVjDsOwjAQBe_iGlnYjn-U9DlDtOtd4wCypTipEHeHSCmgfTPzXmKCbS3T1nmZZhIXocTpd0NID647oDvUW5Op1XWZUe6KPGiXYyN-Xg_376BAL9_axjOoaNFTzikFIGKDkNlH6xKwdU77EIyJVg9Ge0OI7CkoqyDEAUm8PwETOEs:1uFB3d:RcmmCPyJZdTMNVIOEjJOM0RTBr7vpSIatXnydNC88Dg",
    "expire_date": "2025-05-14T13:17:57.536Z"
  }
},
{
  "model": "sessions.session",
  "pk": "agc19eg5iztgp5ipdwojice3kv3g18ju",
  "fields": {
    "session_data": ".eJxVjDEOAiEQRe9CbYjAAGJp7xnIDAOyaiBZdivj3XWTLbT9773_EhHXpcZ15DlOLM4CxOF3I0yP3DbAd2y3LlNvyzyR3BS50yGvnfPzsrt_BxVH_dYqMGrnHWiXkI3mTHCyJYDiACap7EoIfIRA1luC4gENApEmhsTKiPcH3yk4Bw:1uUPby:HVEl8QhlbUWVDSI1dk-Rn6oq0LTEMBc1ec2YZcSvonw",
    "expire_date": "2025-06-25T13:52:22.008Z"
  }
},
{
  "model": "sessions.session",
  "pk": "asbc4grfjgpoxx2dtok6yy9rk13j809w",
  "fields": {
    "session_data": ".eJxVjDsOwjAQBe_iGlnYjn-U9DlDtOtd4wCypTipEHeHSCmgfTPzXmKCbS3T1nmZZhIXocTpd0NID647oDvUW5Op1XWZUe6KPGiXYyN-Xg_376BAL9_axjOoaNFTzikFIGKDkNlH6xKwdU77EIyJVg9Ge0OI7CkoqyDEAUm8PwETOEs:1uCNkz:GzzJ65Wq4vhkPsecnutPh6jcUMaX3dVrTKV0lEXpe3A",
    "expire_date": "2025-05-06T20:15:09.758Z"
  }
},
{
  "model": "sessions.session",
  "pk": "b0dw6ax8kjy4nghuicfog9fzcn794r3b",
  "fields": {
    "session_data": ".eJxVjMEOwiAQRP-FsyGlwHbXo_d-Q7OwRKoGktKejP9um_Sgt8m8N_NWE29rnraWlmkWdVVGXX67wPGZygHkweVedaxlXeagD0WftOmxSnrdTvfvIHPL-xqMQ0GDvSXXhwG8JfaGCRNIdLQnCwMZB8wgATtPiA5tx4yRMFr1-QKlITZ3:1uSFW0:BZaIDNht_009NJJG2bktjyAnoko1V446LLx5uxrGL84",
    "expire_date": "2025-06-19T14:41:16.599Z"
  }
},
{
  "model": "sessions.session",
  "pk": "ba3do4dtdrj5anm2keroq6c8pgjjm3p1",
  "fields": {
    "session_data": ".eJxVjMEOwiAQRP-FsyGlwHbXo_d-Q7OwRKoGktKejP9um_Sgt8m8N_NWE29rnraWlmkWdVVGXX67wPGZygHkweVedaxlXeagD0WftOmxSnrdTvfvIHPL-xqMQ0GDvSXXhwG8JfaGCRNIdLQnCwMZB8wgATtPiA5tx4yRMFr1-QKlITZ3:1uP2W1:G0DiB0gAJjA0PQtFudXjXBwrt5fUI1UyuSphb5bY2JU",
    "expire_date": "2025-06-10T18:12:01.796Z"
  }
},
{
  "model": "sessions.session",
  "pk": "bbpe80vmsh2c3wx8ca59djf9wujxgjyh",
  "fields": {
    "session_data": ".eJxVjDsOwjAQBe_iGlnYjn-U9DlDtOtd4wCypTipEHeHSCmgfTPzXmKCbS3T1nmZZhIXocTpd0NID647oDvUW5Op1XWZUe6KPGiXYyN-Xg_376BAL9_axjOoaNFTzikFIGKDkNlH6xKwdU77EIyJVg9Ge0OI7CkoqyDEAUm8PwETOEs:1uCLoA:HX1bO5P49DVp-pA14SAHvGtbmHDOnM1VChRu-GwCIKU",
    "expire_date": "2025-05-06T18:10:18.758Z"
  }
},
{
  "model": "sessions.session",
  "pk": "carams2mb5tmm26plbe6wh3w6ucn3trw",
  "fields": {
    "session_data": ".eJxVjMEOwiAQRP-FsyGlwHbXo_d-Q7OwRKoGktKejP9um_Sgt8m8N_NWE29rnraWlmkWdVVGXX67wPGZygHkweVedaxlXeagD0WftOmxSnrdTvfvIHPL-xqMQ0GDvSXXhwG8JfaGCRNIdLQnCwMZB8wgATtPiA5tx4yRMFr1-QKlITZ3:1uRzNW:ab6fkwCBiomf_4ri7HZ40L3cS8G5ccB97qgdYFGARh0",
    "expire_date": "2025-06-18T21:27:26.104Z"
  }
},
{
  "model": "sessions.session",
  "pk": "cdsk7hxe95bv3xeacfs96lqv1p1jrm0c",
  "fields": {
    "session_data": ".eJxVjDsOwjAQBe_iGlleE9kxJT1nsPZnHECJFCdVxN0hUgpo38y8zWRcl5rXpnMexFyMN6ffjZCfOu5AHjjeJ8vTuMwD2V2xB232Nom-rof7d1Cx1W9dYgfO9eqQY3IpIhdUIe2VCbQD8F0EhESE4AMXLk48JgrCQZI7m_cHAEE42A:1uC0Hm:hNJ7MPqBnUHXYshtpuR8Z7E4w-q8_u4svSvpZdQf-eo",
    "expire_date": "2025-05-05T19:11:26.263Z"
  }
},
{
  "model": "sessions.session",
  "pk": "ddnmb4ffts8ggbp3ts194j0mg6kveadq",
  "fields": {
    "session_data": ".eJxVjMsOwiAQRf-FtSHDo8C4dO83kIGhUjU0Ke3K-O_apAvd3nPOfYlI21rj1ssSJxZnYcTpd0uUH6XtgO_UbrPMc1uXKcldkQft8jpzeV4O9--gUq_fupSBfEBC4kFrDOSVsuwACiYMFhwlxIAB9Oi1czYDGG_YOc9qNIbE-wPKnTbL:1uETNq:fO_Yz3Mjq9otev5mxStVLGAG6nSqu1UqrTfEEU33sqE",
    "expire_date": "2025-05-12T14:39:54.414Z"
  }
},
{
  "model": "sessions.session",
  "pk": "e6f8nk61t2e8uuab5iynvpr50md8vzye",
  "fields": {
    "session_data": ".eJxVjDEOAiEQRe9CbYjAAGJp7xnIDAOyaiBZdivj3XWTLbT9773_EhHXpcZ15DlOLM4CxOF3I0yP3DbAd2y3LlNvyzyR3BS50yGvnfPzsrt_BxVH_dYqMGrnHWiXkI3mTHCyJYDiACap7EoIfIRA1luC4gENApEmhsTKiPcH3yk4Bw:1uUUbz:-vPRwwAZWmjuAIXigWIQYrrMsX-9m14Pidst5ui0YLw",
    "expire_date": "2025-06-25T19:12:43.651Z"
  }
},
{
  "model": "sessions.session",
  "pk": "fmbo1759tv8zibbvfimm82c0wvyj7bdi",
  "fields": {
    "session_data": ".eJxVjMEOwiAQRP-FsyGlwHbXo_d-Q7OwRKoGktKejP9um_Sgt8m8N_NWE29rnraWlmkWdVVGXX67wPGZygHkweVedaxlXeagD0WftOmxSnrdTvfvIHPL-xqMQ0GDvSXXhwG8JfaGCRNIdLQnCwMZB8wgATtPiA5tx4yRMFr1-QKlITZ3:1uU7s5:Ro5ULJOs9sW5uW1C8y-BDaPde-nJHiN3Qn_c5IccVL8",
    "expire_date": "2025-06-24T18:55:49.180Z"
  }
},
{
  "model": "sessions.session",
  "pk": "frvsrg90sju0wvffm71ub78vkrza2ux9",
  "fields": {
    "session_data": ".eJxVjMEOwiAQRP-FsyGlwHbXo_d-Q7OwRKoGktKejP9um_Sgt8m8N_NWE29rnraWlmkWdVVGXX67wPGZygHkweVedaxlXeagD0WftOmxSnrdTvfvIHPL-xqMQ0GDvSXXhwG8JfaGCRNIdLQnCwMZB8wgATtPiA5tx4yRMFr1-QKlITZ3:1uUUcg:aj-Gh0gDOiGqH7Mot60eFc7n2XjVCUB0xZUE3C-RtdI",
    "expire_date": "2025-06-25T19:13:26.573Z"
  }
},
{
  "model": "sessions.session",
  "pk": "g021flw1yjrv3ep0sayns4vwgzhllpl3",
  "fields": {
    "session_data": ".eJxVjMEOwiAQRP-FsyGlwHbXo_d-Q7OwRKoGktKejP9um_Sgt8m8N_NWE29rnraWlmkWdVVGXX67wPGZygHkweVedaxlXeagD0WftOmxSnrdTvfvIHPL-xqMQ0GDvSXXhwG8JfaGCRNIdLQnCwMZB8wgATtPiA5tx4yRMFr1-QKlITZ3:1uRb8U:TmuANWtw3uBJfMfuOaYTnC09jstS5bCLnEzvHIlKDHE",
    "expire_date": "2025-06-17T19:34:18.791Z"
  }
},
{
  "model": "sessions.session",
  "pk": "grr74w332gmsrojo1sd540x82r1mbocn",
  "fields": {
    "session_data": ".eJxVjDEOAiEQRe9CbYjAAGJp7xnIDAOyaiBZdivj3XWTLbT9773_EhHXpcZ15DlOLM4CxOF3I0yP3DbAd2y3LlNvyzyR3BS50yGvnfPzsrt_BxVH_dYqMGrnHWiXkI3mTHCyJYDiACap7EoIfIRA1luC4gENApEmhsTKiPcH3yk4Bw:1uU5tX:YuUQ-AFzS4Vsf4JaknNJD0QSVPPhvk4D8zKo7aPV7lk",
    "expire_date": "2025-06-24T16:49:11.609Z"
  }
},
{
  "model": "sessions.session",
  "pk": "he4zyu96ybb3rseeopfy7cr0dmk0morr",
  "fields": {
    "session_data": ".eJxVjDsOwjAQBe_iGlnYjn-U9DlDtOtd4wCypTipEHeHSCmgfTPzXmKCbS3T1nmZZhIXocTpd0NID647oDvUW5Op1XWZUe6KPGiXYyN-Xg_376BAL9_axjOoaNFTzikFIGKDkNlH6xKwdU77EIyJVg9Ge0OI7CkoqyDEAUm8PwETOEs:1uBzQW:UHRlkCE4l0dIskS-tBELVhQywpgaeIee_4jNIt_AI0U",
    "expire_date": "2025-05-05T18:16:24.603Z"
  }
},
{
  "model": "sessions.session",
  "pk": "hyauzlr4kv0lzju0qcri9g9u8n0pjwwa",
  "fields": {
    "session_data": ".eJxVjMEOwiAQRP-FsyGlwHbXo_d-Q7OwRKoGktKejP9um_Sgt8m8N_NWE29rnraWlmkWdVVGXX67wPGZygHkweVedaxlXeagD0WftOmxSnrdTvfvIHPL-xqMQ0GDvSXXhwG8JfaGCRNIdLQnCwMZB8wgATtPiA5tx4yRMFr1-QKlITZ3:1uSFR9:hBQBGQ7FWmhCFdcSG-SGUGtqdK7c12qomFPQr-JMXXo",
    "expire_date": "2025-06-19T14:36:15.461Z"
  }
},
{
  "model": "sessions.session",
  "pk": "i9ajvnaedmqwgg8k8ufizvntpe6xyz8q",
  "fields": {
    "session_data": ".eJxVjMEOwiAQRP-FsyGlwHbXo_d-Q7OwRKoGktKejP9um_Sgt8m8N_NWE29rnraWlmkWdVVGXX67wPGZygHkweVedaxlXeagD0WftOmxSnrdTvfvIHPL-xqMQ0GDvSXXhwG8JfaGCRNIdLQnCwMZB8wgATtPiA5tx4yRMFr1-QKlITZ3:1uUE0A:_RIvvOp-AOBzfkZOBK4OYic-S7IVPUU1s2VGKb33GxU",
    "expire_date": "2025-06-25T01:28:34.817Z"
  }
},
{
  "model": "sessions.session",
  "pk": "jhpgb2jqfdet04bv2f1awt33psy3eqqt",
  "fields": {
    "session_data": ".eJxVjMEOwiAQRP-FsyGlwHbXo_d-Q7OwRKoGktKejP9um_Sgt8m8N_NWE29rnraWlmkWdVVGXX67wPGZygHkweVedaxlXeagD0WftOmxSnrdTvfvIHPL-xqMQ0GDvSXXhwG8JfaGCRNIdLQnCwMZB8wgATtPiA5tx4yRMFr1-QKlITZ3:1uSLrV:O0DQOfGPXtC7q5iK3PjuIc1VMutS6MTT5-PcPIp7RlY",
    "expire_date": "2025-06-19T21:27:53.872Z"
  }
},
{
  "model": "sessions.session",
  "pk": "jrg8w3v2ed0aawpxhtn2ox4nlysgrwls",
  "fields": {
    "session_data": ".eJxVjDsOwjAQBe_iGlnYjn-U9DlDtOtd4wCypTipEHeHSCmgfTPzXmKCbS3T1nmZZhIXocTpd0NID647oDvUW5Op1XWZUe6KPGiXYyN-Xg_376BAL9_axjOoaNFTzikFIGKDkNlH6xKwdU77EIyJVg9Ge0OI7CkoqyDEAUm8PwETOEs:1uEoLg:rHrsvCc1iSM86CO6OXs6h2vyZWZnpNVrNDBjzQD83fg",
    "expire_date": "2025-05-13T13:03:04.961Z"
  }
},
{
  "model": "sessions.session",
  "pk": "k6l5tuerhu24tgkxrtf9zs4qdmli946n",
  "fields": {
    "session_data": ".eJxVjMEOwiAQRP-FsyGlwHbXo_d-Q7OwRKoGktKejP9um_Sgt8m8N_NWE29rnraWlmkWdVVGXX67wPGZygHkweVedaxlXeagD0WftOmxSnrdTvfvIHPL-xqMQ0GDvSXXhwG8JfaGCRNIdLQnCwMZB8wgATtPiA5tx4yRMFr1-QKlITZ3:1uRtkP:v5M5zLHLaM3f55FJ36Uh4Yv8zfWWVN4SjFDeCKJi_rY",
    "expire_date": "2025-06-18T15:26:41.913Z"
  }
},
{
  "model": "sessions.session",
  "pk": "l4yqu92fajmttgb8k3pdfapifrlc86nk",
  "fields": {
    "session_data": ".eJxVjMEOwiAQRP-FsyGlwHbXo_d-Q7OwRKoGktKejP9um_Sgt8m8N_NWE29rnraWlmkWdVVGXX67wPGZygHkweVedaxlXeagD0WftOmxSnrdTvfvIHPL-xqMQ0GDvSXXhwG8JfaGCRNIdLQnCwMZB8wgATtPiA5tx4yRMFr1-QKlITZ3:1uSKr2:flS_FcGdd4oPJliF-3Lb7CMLAbX7izppydl4UyRSU_s",
    "expire_date": "2025-06-19T20:23:20.844Z"
  }
},
{
  "model": "sessions.session",
  "pk": "lbx8kd9l6luibufp94cy15vp30m87zei",
  "fields": {
    "session_data": ".eJxVjMEOwiAQRP-FsyGlwHbXo_d-Q7OwRKoGktKejP9um_Sgt8m8N_NWE29rnraWlmkWdVVGXX67wPGZygHkweVedaxlXeagD0WftOmxSnrdTvfvIHPL-xqMQ0GDvSXXhwG8JfaGCRNIdLQnCwMZB8wgATtPiA5tx4yRMFr1-QKlITZ3:1uSFW2:Cqdy2pKbbTLdsqx2MaDXIUGFdNKrEntZ7JbgfVFvU4Q",
    "expire_date": "2025-06-19T14:41:18.922Z"
  }
},
{
  "model": "sessions.session",
  "pk": "lh304xwq5ns8vx2oh128ooog7wv9cshk",
  "fields": {
    "session_data": ".eJxVjMEOwiAQRP-FsyGlwHbXo_d-Q7OwRKoGktKejP9um_Sgt8m8N_NWE29rnraWlmkWdVVGXX67wPGZygHkweVedaxlXeagD0WftOmxSnrdTvfvIHPL-xqMQ0GDvSXXhwG8JfaGCRNIdLQnCwMZB8wgATtPiA5tx4yRMFr1-QKlITZ3:1uSFW3:oRq4N-RlY4j8djF2gk6qvLqeKikeF6JVDh6sIvkP230",
    "expire_date": "2025-06-19T14:41:19.735Z"
  }
},
{
  "model": "sessions.session",
  "pk": "ltlqhcdgoow0rso0bscflip3fc4457fg",
  "fields": {
    "session_data": ".eJxVjMEOwiAQRP-FsyGlwHbXo_d-Q7OwRKoGktKejP9um_Sgt8m8N_NWE29rnraWlmkWdVVGXX67wPGZygHkweVedaxlXeagD0WftOmxSnrdTvfvIHPL-xqMQ0GDvSXXhwG8JfaGCRNIdLQnCwMZB8wgATtPiA5tx4yRMFr1-QKlITZ3:1uRbwG:41uCIauSaQIfgLwJ9IFP3R4w9bBTyhnlIyPHzAgFjIo",
    "expire_date": "2025-06-17T20:25:44.074Z"
  }
},
{
  "model": "sessions.session",
  "pk": "m042oejlqwcxw5by196qzu9c5jatw9a8",
  "fields": {
    "session_data": ".eJxVjMEOwiAQRP-FsyGlwHbXo_d-Q7OwRKoGktKejP9um_Sgt8m8N_NWE29rnraWlmkWdVVGXX67wPGZygHkweVedaxlXeagD0WftOmxSnrdTvfvIHPL-xqMQ0GDvSXXhwG8JfaGCRNIdLQnCwMZB8wgATtPiA5tx4yRMFr1-QKlITZ3:1uRXhr:h7zpzGbC2a6u68pr4NOyWaTZhpkrPAqG43f7HrD9YG4",
    "expire_date": "2025-06-17T15:54:35.829Z"
  }
},
{
  "model": "sessions.session",
  "pk": "m20ebjq6bi7q6cg8da4tqglz7wl866ce",
  "fields": {
    "session_data": ".eJxVjMEOwiAQRP-FsyGlwHbXo_d-Q7OwRKoGktKejP9um_Sgt8m8N_NWE29rnraWlmkWdVVGXX67wPGZygHkweVedaxlXeagD0WftOmxSnrdTvfvIHPL-xqMQ0GDvSXXhwG8JfaGCRNIdLQnCwMZB8wgATtPiA5tx4yRMFr1-QKlITZ3:1uSFVz:xEUscNlBu39UkcZfV0npvu93BIsq99T9WSqZnEO1oEE",
    "expire_date": "2025-06-19T14:41:15.626Z"
  }
},
{
  "model": "sessions.session",
  "pk": "md1ouquluods19e029nhziygdmwdja03",
  "fields": {
    "session_data": ".eJxVjMEOwiAQRP-FsyGlwHbXo_d-Q7OwRKoGktKejP9um_Sgt8m8N_NWE29rnraWlmkWdVVGXX67wPGZygHkweVedaxlXeagD0WftOmxSnrdTvfvIHPL-xqMQ0GDvSXXhwG8JfaGCRNIdLQnCwMZB8wgATtPiA5tx4yRMFr1-QKlITZ3:1uTiQx:5CoFcCv7AUo_HDOo9b5IFJRm5jJZ0dUSO2LQLPm-WK0",
    "expire_date": "2025-06-23T15:46:07.360Z"
  }
},
{
  "model": "sessions.session",
  "pk": "meqvynxd5rga9zklmnzorgb5k7ht6rfr",
  "fields": {
    "session_data": ".eJxVjMEOwiAQRP-FsyGlwHbXo_d-Q7OwRKoGktKejP9um_Sgt8m8N_NWE29rnraWlmkWdVVGXX67wPGZygHkweVedaxlXeagD0WftOmxSnrdTvfvIHPL-xqMQ0GDvSXXhwG8JfaGCRNIdLQnCwMZB8wgATtPiA5tx4yRMFr1-QKlITZ3:1uUPbW:8UvKLaVgvS2Hz1Z-svGF7NQsoCtPiORtqo6oynQ43tE",
    "expire_date": "2025-06-25T13:51:54.827Z"
  }
},
{
  "model": "sessions.session",
  "pk": "mn49jt4et2j0f22hd1bdif354j8801yi",
  "fields": {
    "session_data": ".eJxVjMEOwiAQRP-FsyGlwHbXo_d-Q7OwRKoGktKejP9um_Sgt8m8N_NWE29rnraWlmkWdVVGXX67wPGZygHkweVedaxlXeagD0WftOmxSnrdTvfvIHPL-xqMQ0GDvSXXhwG8JfaGCRNIdLQnCwMZB8wgATtPiA5tx4yRMFr1-QKlITZ3:1uRViz:G28wG4mQ6XdppwmZre7NZph_l5Fkf3XitWVO06BjAk4",
    "expire_date": "2025-06-17T13:47:37.209Z"
  }
},
{
  "model": "sessions.session",
  "pk": "mzrjncyb5gl7bbrk3mdel59u56kygk1l",
  "fields": {
    "session_data": ".eJxVjMEOgjAQRP-lZ9Os7bZUj975BrK7XQQ1JaFwMv67kHDQZE7z3szbdLQuQ7dWnbsxm6sJ5vTbMclTyw7yg8p9sjKVZR7Z7oo9aLXtlPV1O9y_g4HqsK05JreFAgNExj40ySNgDsCaKJ4FonMiPQIocvL-opi9Nj1KajCK-XwBw_E3QA:1uPKvo:DrWvgFilIiET_gFxg2CiDO9O7vyZTbKwLj7xpRNtKxY",
    "expire_date": "2025-06-11T13:51:52.935Z"
  }
},
{
  "model": "sessions.session",
  "pk": "nfkintelljpiq2pxausg7bmpabb608x7",
  "fields": {
    "session_data": ".eJxVjMEOwiAQRP-FsyGlwHbXo_d-Q7OwRKoGktKejP9um_Sgt8m8N_NWE29rnraWlmkWdVVGXX67wPGZygHkweVedaxlXeagD0WftOmxSnrdTvfvIHPL-xqMQ0GDvSXXhwG8JfaGCRNIdLQnCwMZB8wgATtPiA5tx4yRMFr1-QKlITZ3:1uRcr1:51DA7tzw2K0qPnjnvoxD896QNsd5Gyk2CAus8cDSmJM",
    "expire_date": "2025-06-17T21:24:23.712Z"
  }
},
{
  "model": "sessions.session",
  "pk": "nqnhl4jnvwjeawbcutj4qvf1hhusjctg",
  "fields": {
    "session_data": ".eJxVjMsOwiAQRf-FtSHIG5fu-w1kBgapGkhKuzL-uzbpQrf3nHNfLMK21rgNWuKc2YUFdvrdENKD2g7yHdqt89TbuszId4UfdPCpZ3peD_fvoMKo3xqL0Fl5DFSyN5lAEiUvUFOSHoLywRmlz2i1NLoESyVBsK44icJbDez9AQvUOFc:1uToEq:04ZjprsIV2GnocPyeXPX8bjFpcNXp3WqLTGyEAbkDyw",
    "expire_date": "2025-06-23T21:58:00.172Z"
  }
},
{
  "model": "sessions.session",
  "pk": "nudbtsclfwui4qu3wd6tcnaeeosqojlp",
  "fields": {
    "session_data": ".eJxVjMEOwiAQRP-FsyGlwHbXo_d-Q7OwRKoGktKejP9um_Sgt8m8N_NWE29rnraWlmkWdVVGXX67wPGZygHkweVedaxlXeagD0WftOmxSnrdTvfvIHPL-xqMQ0GDvSXXhwG8JfaGCRNIdLQnCwMZB8wgATtPiA5tx4yRMFr1-QKlITZ3:1uRbsN:pi6AhVJ_HvmleWwinLWWDFAp-tQSit76L7fPqrzpWg8",
    "expire_date": "2025-06-17T20:21:43.351Z"
  }
},
{
  "model": "sessions.session",
  "pk": "p27hz0y4lynmnkoh6nl4s636irtol1qc",
  "fields": {
    "session_data": ".eJxVjDsOwjAQBe_iGlnYjn-U9DlDtOtd4wCypTipEHeHSCmgfTPzXmKCbS3T1nmZZhIXocTpd0NID647oDvUW5Op1XWZUe6KPGiXYyN-Xg_376BAL9_axjOoaNFTzikFIGKDkNlH6xKwdU77EIyJVg9Ge0OI7CkoqyDEAUm8PwETOEs:1uD7EE:sDV5NWsZj8Hs4HhhIZWveYJ1k3FsjSX6cI63G9Bse4s",
    "expire_date": "2025-05-08T20:48:22.566Z"
  }
},
{
  "model": "sessions.session",
  "pk": "pfgtm6qsnhqnzwtz4uj0y8hyubpbn7s1",
  "fields": {
    "session_data": ".eJxVjMEOwiAQRP-FsyGlwHbXo_d-Q7OwRKoGktKejP9um_Sgt8m8N_NWE29rnraWlmkWdVVGXX67wPGZygHkweVedaxlXeagD0WftOmxSnrdTvfvIHPL-xqMQ0GDvSXXhwG8JfaGCRNIdLQnCwMZB8wgATtPiA5tx4yRMFr1-QKlITZ3:1uRbse:5dHU1CWdV7EgHXLWVW4vZAabPjJ33m0DF0GU3HHbdXI",
    "expire_date": "2025-06-17T20:22:00.620Z"
  }
},
{
  "model": "sessions.session",
  "pk": "pvap19vhmi24ybqw8d3je6wzdfytnbhn",
  "fields": {
    "session_data": ".eJxVjMEOwiAQRP-FsyGlwHbXo_d-Q7OwRKoGktKejP9um_Sgt8m8N_NWE29rnraWlmkWdVVGXX67wPGZygHkweVedaxlXeagD0WftOmxSnrdTvfvIHPL-xqMQ0GDvSXXhwG8JfaGCRNIdLQnCwMZB8wgATtPiA5tx4yRMFr1-QKlITZ3:1uOzZp:5tPzVih4VPdzvLCHkgCbKmdLNwDQTRerm2j4scF4LrA",
    "expire_date": "2025-06-10T15:03:45.657Z"
  }
},
{
  "model": "sessions.session",
  "pk": "qmrekouvn5dt6fwmqig8iimrwivxtwkj",
  "fields": {
    "session_data": ".eJxVjMEOwiAQRP-FsyGlwHbXo_d-Q7OwRKoGktKejP9um_Sgt8m8N_NWE29rnraWlmkWdVVGXX67wPGZygHkweVedaxlXeagD0WftOmxSnrdTvfvIHPL-xqMQ0GDvSXXhwG8JfaGCRNIdLQnCwMZB8wgATtPiA5tx4yRMFr1-QKlITZ3:1uP3TO:7ml9Id8fVaWh9Rw9YQf2iCRP7us2vygajijLkkJ9J5w",
    "expire_date": "2025-06-10T19:13:22.009Z"
  }
},
{
  "model": "sessions.session",
  "pk": "qoyymatr3bp4b428bdvqa2fxg650psx0",
  "fields": {
    "session_data": ".eJxVjMEOwiAQRP-FsyGlwHbXo_d-Q7OwRKoGktKejP9um_Sgt8m8N_NWE29rnraWlmkWdVVGXX67wPGZygHkweVedaxlXeagD0WftOmxSnrdTvfvIHPL-xqMQ0GDvSXXhwG8JfaGCRNIdLQnCwMZB8wgATtPiA5tx4yRMFr1-QKlITZ3:1uUQhr:8SkF--6K5n_7QHIvr4LSaTgqEoH6pAhBKzmKbcgcGHU",
    "expire_date": "2025-06-25T15:02:31.364Z"
  }
},
{
  "model": "sessions.session",
  "pk": "quopj56s8sdx84sbhy8o1qgd2ohhpg7p",
  "fields": {
    "session_data": ".eJxVjMEOwiAQRP-FsyGlwHbXo_d-Q7OwRKoGktKejP9um_Sgt8m8N_NWE29rnraWlmkWdVVGXX67wPGZygHkweVedaxlXeagD0WftOmxSnrdTvfvIHPL-xqMQ0GDvSXXhwG8JfaGCRNIdLQnCwMZB8wgATtPiA5tx4yRMFr1-QKlITZ3:1uSFfW:f8S5NZqXjXp0TQsYMo3Fe6TbgwGZ9eyl4A5RiBHN1-s",
    "expire_date": "2025-06-19T14:51:06.845Z"
  }
},
{
  "model": "sessions.session",
  "pk": "qwdne0micawd6ebj2lzqk4i7judbodwc",
  "fields": {
    "session_data": ".eJxVjMEOwiAQRP-FsyGlwHbXo_d-Q7OwRKoGktKejP9um_Sgt8m8N_NWE29rnraWlmkWdVVGXX67wPGZygHkweVedaxlXeagD0WftOmxSnrdTvfvIHPL-xqMQ0GDvSXXhwG8JfaGCRNIdLQnCwMZB8wgATtPiA5tx4yRMFr1-QKlITZ3:1uPMAC:NiwTvGxRFvw1m62qKgxRF1YAEhlRjIScATzsCs-iOjA",
    "expire_date": "2025-06-11T15:10:48.554Z"
  }
},
{
  "model": "sessions.session",
  "pk": "rbzvbbpjunxuzbprwk6ofcc6qei3b25k",
  "fields": {
    "session_data": ".eJxVjMEOwiAQRP-FsyGlwHbXo_d-Q7OwRKoGktKejP9um_Sgt8m8N_NWE29rnraWlmkWdVVGXX67wPGZygHkweVedaxlXeagD0WftOmxSnrdTvfvIHPL-xqMQ0GDvSXXhwG8JfaGCRNIdLQnCwMZB8wgATtPiA5tx4yRMFr1-QKlITZ3:1uTlYy:qA6Z3LwKda1uenjhldo_lKqikt13ImMpckEyCcwmW-g",
    "expire_date": "2025-06-23T19:06:36.762Z"
  }
},
{
  "model": "sessions.session",
  "pk": "rimpjn471l99eowb7pxlplq42ny5y9yi",
  "fields": {
    "session_data": ".eJxVjMEOwiAQRP-FsyGlwHbXo_d-Q7OwRKoGktKejP9um_Sgt8m8N_NWE29rnraWlmkWdVVGXX67wPGZygHkweVedaxlXeagD0WftOmxSnrdTvfvIHPL-xqMQ0GDvSXXhwG8JfaGCRNIdLQnCwMZB8wgATtPiA5tx4yRMFr1-QKlITZ3:1uSIz9:FC1wPytlJmh1OUrJZDUKSVyRx5RDbjx6hJPSAIeFgh4",
    "expire_date": "2025-06-19T18:23:35.654Z"
  }
},
{
  "model": "sessions.session",
  "pk": "tstr1x6ti992fbmd2m549k6j874g72fu",
  "fields": {
    "session_data": ".eJxVjDsOwjAQBe_iGlnYjn-U9DlDtOtd4wCypTipEHeHSCmgfTPzXmKCbS3T1nmZZhIXocTpd0NID647oDvUW5Op1XWZUe6KPGiXYyN-Xg_376BAL9_axjOoaNFTzikFIGKDkNlH6xKwdU77EIyJVg9Ge0OI7CkoqyDEAUm8PwETOEs:1uD6I2:1MNwqhrbI8GjBsWM2_cxGnw5i6AkCTBzJkb5TX2U6Iw",
    "expire_date": "2025-05-08T19:48:14.332Z"
  }
},
{
  "model": "sessions.session",
  "pk": "txp0bsm1ceacjdzo0l3mcjrlvg3y6rq8",
  "fields": {
    "session_data": ".eJxVjMEOwiAQRP-FsyGlwHbXo_d-Q7OwRKoGktKejP9um_Sgt8m8N_NWE29rnraWlmkWdVVGXX67wPGZygHkweVedaxlXeagD0WftOmxSnrdTvfvIHPL-xqMQ0GDvSXXhwG8JfaGCRNIdLQnCwMZB8wgATtPiA5tx4yRMFr1-QKlITZ3:1uPKT2:oM96Hi9WaSuAG_ingkmjyr0PdyV5_F75_o4-xMHseoM",
    "expire_date": "2025-06-11T13:22:08.229Z"
  }
},
{
  "model": "sessions.session",
  "pk": "u4gmuz03tj0q1dsn7ornpnhhf5b4bkq1",
  "fields": {
    "session_data": ".eJxVjDEOAiEQRe9CbYjAAGJp7xnIDAOyaiBZdivj3XWTLbT9773_EhHXpcZ15DlOLM4CxOF3I0yP3DbAd2y3LlNvyzyR3BS50yGvnfPzsrt_BxVH_dYqMGrnHWiXkI3mTHCyJYDiACap7EoIfIRA1luC4gENApEmhsTKiPcH3yk4Bw:1uTnZR:C7HZA7F5LKr0rRqvVflkq8cGSJlRtKcMj6MSYNcsYzI",
    "expire_date": "2025-06-23T21:15:13.260Z"
  }
},
{
  "model": "sessions.session",
  "pk": "uip8f5ooxtwwnftb3pw3ehkxm4qnlk1x",
  "fields": {
    "session_data": ".eJxVjMEOwiAQRP-FsyGlwHbXo_d-Q7OwRKoGktKejP9um_Sgt8m8N_NWE29rnraWlmkWdVVGXX67wPGZygHkweVedaxlXeagD0WftOmxSnrdTvfvIHPL-xqMQ0GDvSXXhwG8JfaGCRNIdLQnCwMZB8wgATtPiA5tx4yRMFr1-QKlITZ3:1uURVF:WlbbEqPcPszZBkaW5sleKYyx05oVf3GvzecaKnKhAZI",
    "expire_date": "2025-06-25T15:53:33.492Z"
  }
},
{
  "model": "sessions.session",
  "pk": "up4ukjcujoyf5wzkt5mhdwk4ta8405lw",
  "fields": {
    "session_data": ".eJxVjDEOAiEQRe9CbYjAAGJp7xnIDAOyaiBZdivj3XWTLbT9773_EhHXpcZ15DlOLM4CxOF3I0yP3DbAd2y3LlNvyzyR3BS50yGvnfPzsrt_BxVH_dYqMGrnHWiXkI3mTHCyJYDiACap7EoIfIRA1luC4gENApEmhsTKiPcH3yk4Bw:1uOzjt:vVjnwDYLWVRwmBH18--mUyMI7JevqMPpPxrnZmKDEPs",
    "expire_date": "2025-06-10T15:14:09.646Z"
  }
},
{
  "model": "sessions.session",
  "pk": "uto0gs9erq9qiud1eu09nfkqgu32ivu3",
  "fields": {
    "session_data": ".eJxVjMEOwiAQRP-FsyGlwHbXo_d-Q7OwRKoGktKejP9um_Sgt8m8N_NWE29rnraWlmkWdVVGXX67wPGZygHkweVedaxlXeagD0WftOmxSnrdTvfvIHPL-xqMQ0GDvSXXhwG8JfaGCRNIdLQnCwMZB8wgATtPiA5tx4yRMFr1-QKlITZ3:1uUAkQ:5zI_dxB3uHunYTut3PJH7bWHTUvQHt5i251Jn7vSTAQ",
    "expire_date": "2025-06-24T22:00:06.214Z"
  }
},
{
  "model": "sessions.session",
  "pk": "vcsy9hn0rcukhdda0on3afz6fd8uvzoi",
  "fields": {
    "session_data": ".eJxVjMEOwiAQRP-FsyGlwHbXo_d-Q7OwRKoGktKejP9um_Sgt8m8N_NWE29rnraWlmkWdVVGXX67wPGZygHkweVedaxlXeagD0WftOmxSnrdTvfvIHPL-xqMQ0GDvSXXhwG8JfaGCRNIdLQnCwMZB8wgATtPiA5tx4yRMFr1-QKlITZ3:1uSLtN:rkaCipXuwY7mHStrFE-umQyHn5SPxFPIrt_UgavK1_c",
    "expire_date": "2025-06-19T21:29:49.087Z"
  }
},
{
  "model": "sessions.session",
  "pk": "w1c262l93xf1oumhe5t6ar0rhrvpodzi",
  "fields": {
    "session_data": ".eJxVjDsOwjAQBe_iGlnYjn-U9DlDtOtd4wCypTipEHeHSCmgfTPzXmKCbS3T1nmZZhIXocTpd0NID647oDvUW5Op1XWZUe6KPGiXYyN-Xg_376BAL9_axjOoaNFTzikFIGKDkNlH6xKwdU77EIyJVg9Ge0OI7CkoqyDEAUm8PwETOEs:1uD5ci:jqgezKoXJyxtLo18pebZ0VwsnFKAfDmzRmvrpyPKT3s",
    "expire_date": "2025-05-08T19:05:32.687Z"
  }
},
{
  "model": "sessions.session",
  "pk": "wqvwuvi86s4fw166k4zixnyzibgblm58",
  "fields": {
    "session_data": ".eJxVjDEOAiEQRe9CbYjAAGJp7xnIDAOyaiBZdivj3XWTLbT9773_EhHXpcZ15DlOLM4CxOF3I0yP3DbAd2y3LlNvyzyR3BS50yGvnfPzsrt_BxVH_dYqMGrnHWiXkI3mTHCyJYDiACap7EoIfIRA1luC4gENApEmhsTKiPcH3yk4Bw:1uU8gJ:FfE-uV4baiEfxBiYe9fvp_3l5jKEpKKg2vKInYaGP3w",
    "expire_date": "2025-06-24T19:47:43.868Z"
  }
},
{
  "model": "sessions.session",
  "pk": "x9nj2vyfw0ubv64j9439gh8uj1jchine",
  "fields": {
    "session_data": ".eJxVjMEOwiAQRP-FsyGlwHbXo_d-Q7OwRKoGktKejP9um_Sgt8m8N_NWE29rnraWlmkWdVVGXX67wPGZygHkweVedaxlXeagD0WftOmxSnrdTvfvIHPL-xqMQ0GDvSXXhwG8JfaGCRNIdLQnCwMZB8wgATtPiA5tx4yRMFr1-QKlITZ3:1uUllS:2nkdL7WmGQkVzRzOUUb3uDtOr8R2XNH3E574QlTW_6A",
    "expire_date": "2025-06-26T13:31:38.295Z"
  }
},
{
  "model": "sessions.session",
  "pk": "yjijyzenaihc0f0gplnftja0w823oto2",
  "fields": {
    "session_data": ".eJxVjDsOwjAQBe_iGlnYjn-U9DlDtOtd4wCypTipEHeHSCmgfTPzXmKCbS3T1nmZZhIXocTpd0NID647oDvUW5Op1XWZUe6KPGiXYyN-Xg_376BAL9_axjOoaNFTzikFIGKDkNlH6xKwdU77EIyJVg9Ge0OI7CkoqyDEAUm8PwETOEs:1uCMoG:JQyRe6jXYw9HoIJUmLP5Mvn5lAKDYV03NfyCX3XaPdQ",
    "expire_date": "2025-05-06T19:14:28.780Z"
  }
},
{
  "model": "sessions.session",
  "pk": "yqms03krkna882vo4n9v5ozirap0ad76",
  "fields": {
    "session_data": ".eJxVjMEOwiAQRP-FsyGlwHbXo_d-Q7OwRKoGktKejP9um_Sgt8m8N_NWE29rnraWlmkWdVVGXX67wPGZygHkweVedaxlXeagD0WftOmxSnrdTvfvIHPL-xqMQ0GDvSXXhwG8JfaGCRNIdLQnCwMZB8wgATtPiA5tx4yRMFr1-QKlITZ3:1uNBzT:AURA9u4oEF14pmO4b1sxDLVkHv-AfJb6voLkKoQ0DtA",
    "expire_date": "2025-06-05T15:54:47.304Z"
  }
},
{
  "model": "sessions.session",
  "pk": "zbqo00t0m7ziotrsuy74ghtscyqiljvn",
  "fields": {
    "session_data": ".eJxVjMEOwiAQRP-FsyGlwHbXo_d-Q7OwRKoGktKejP9um_Sgt8m8N_NWE29rnraWlmkWdVVGXX67wPGZygHkweVedaxlXeagD0WftOmxSnrdTvfvIHPL-xqMQ0GDvSXXhwG8JfaGCRNIdLQnCwMZB8wgATtPiA5tx4yRMFr1-QKlITZ3:1uTo5h:Xpo_cLX-_ykH3TRaSjJXnj0ZKOR1napMiuVmHJxrvNI",
    "expire_date": "2025-06-23T21:48:33.359Z"
  }
},
{
  "model": "clientes.cliente",
  "pk": 2,
  "fields": {
    "tipo": "EMPRESA",
    "sucursal": 1,
    "razon_social": "Constructora Vial Fueguina SA",
    "nombre_fantasia": "Convialfue",
    "cuit": "30-70929790-9",
    "email": "convialfuesa909@yahoo.com.ar",
    "telefono": "02901469080",
    "direccion": "Cabo Nicolas Flores 221",
    "codigo_postal": "9410",
    "ciudad": 3,
    "provincia": 1,
    "observaciones": "",
    "activo": true,
    "fecha_creacion": "2025-06-17T19:19:09.914Z",
    "fecha_modificacion": "2025-06-24T17:24:36.543Z"
  }
},
{
  "model": "clientes.tipoequipo",
  "pk": 2,
  "fields": {
    "nombre": "Retroexcavadora",
    "descripcion": "",
    "activo": true
  }
},
{
  "model": "clientes.tipoequipo",
  "pk": 3,
  "fields": {
    "nombre": "Excavadora",
    "descripcion": "",
    "activo": true
  }
},
{
  "model": "clientes.tipoequipo",
  "pk": 4,
  "fields": {
    "nombre": "Motoniveladora",
    "descripcion": "",
    "activo": true
  }
},
{
  "model": "clientes.tipoequipo",
  "pk": 5,
  "fields": {
    "nombre": "Cargadora Frontal",
    "descripcion": "",
    "activo": true
  }
},
{
  "model": "clientes.tipoequipo",
  "pk": 6,
  "fields": {
    "nombre": "Topador",
    "descripcion": "",
    "activo": true
  }
},
{
  "model": "clientes.tipoequipo",
  "pk": 7,
  "fields": {
    "nombre": "Grupo Electrogeno",
    "descripcion": "",
    "activo": true
  }
},
{
  "model": "clientes.tipoequipo",
  "pk": 8,
  "fields": {
    "nombre": "Hidrogrua",
    "descripcion": "",
    "activo": true
  }
},
{
  "model": "clientes.tipoequipo",
  "pk": 9,
  "fields": {
    "nombre": "Tijera",
    "descripcion": "",
    "activo": true
  }
},
{
  "model": "clientes.modeloequipo",
  "pk": 1,
  "fields": {
    "tipo_equipo": 3,
    "nombre": "210G",
    "marca": "John Deere",
    "descripcion": "",
    "activo": true
  }
},
{
  "model": "clientes.modeloequipo",
  "pk": 2,
  "fields": {
    "tipo_equipo": 3,
    "nombre": "130G",
    "marca": "John Deere",
    "descripcion": "",
    "activo": true
  }
},
{
  "model": "clientes.modeloequipo",
  "pk": 3,
  "fields": {
    "tipo_equipo": 3,
    "nombre": "160G",
    "marca": "John Deere",
    "descripcion": "",
    "activo": true
  }
},
{
  "model": "clientes.modeloequipo",
  "pk": 4,
  "fields": {
    "tipo_equipo": 2,
    "nombre": "310L",
    "marca": "John Deere",
    "descripcion": "",
    "activo": true
  }
},
{
  "model": "clientes.modeloequipo",
  "pk": 5,
  "fields": {
    "tipo_equipo": 2,
    "nombre": "310SJ",
    "marca": "John Deere",
    "descripcion": "",
    "activo": true
  }
},
{
  "model": "clientes.modeloequipo",
  "pk": 6,
  "fields": {
    "tipo_equipo": 2,
    "nombre": "310SL",
    "marca": "John Deere",
    "descripcion": "",
    "activo": true
  }
},
{
  "model": "clientes.modeloequipo",
  "pk": 7,
  "fields": {
    "tipo_equipo": 2,
    "nombre": "310SK",
    "marca": "John Deere",
    "descripcion": "",
    "activo": true
  }
},
{
  "model": "clientes.modeloequipo",
  "pk": 8,
  "fields": {
    "tipo_equipo": 2,
    "nombre": "310P",
    "marca": "John Deere",
    "descripcion": "",
    "activo": true
  }
},
{
  "model": "clientes.modeloequipo",
  "pk": 9,
  "fields": {
    "tipo_equipo": 2,
    "nombre": "310J",
    "marca": "John Deere",
    "descripcion": "",
    "activo": true
  }
},
{
  "model": "clientes.modeloequipo",
  "pk": 10,
  "fields": {
    "tipo_equipo": 2,
    "nombre": "310K",
    "marca": "John Deere",
    "descripcion": "",
    "activo": true
  }
},
{
  "model": "clientes.modeloequipo",
  "pk": 11,
  "fields": {
    "tipo_equipo": 2,
    "nombre": "310E",
    "marca": "John Deere",
    "descripcion": "",
    "activo": true
  }
},
{
  "model": "clientes.modeloequipo",
  "pk": 12,
  "fields": {
    "tipo_equipo": 2,
    "nombre": "310D",
    "marca": "John Deere",
    "descripcion": "",
    "activo": true
  }
},
{
  "model": "clientes.modeloequipo",
  "pk": 13,
  "fields": {
    "tipo_equipo": 3,
    "nombre": "200D",
    "marca": "John Deere",
    "descripcion": "",
    "activo": true
  }
},
{
  "model": "clientes.modeloequipo",
  "pk": 14,
  "fields": {
    "tipo_equipo": 7,
    "nombre": "U1GC1000-G",
    "marca": "U1 POWER",
    "descripcion": "Motor Cummins K50N",
    "activo": true
  }
},
{
  "model": "clientes.modeloequipo",
  "pk": 15,
  "fields": {
    "tipo_equipo": 5,
    "nombre": "444G",
    "marca": "John Deere",
    "descripcion": "",
    "activo": true
  }
},
{
  "model": "clientes.modeloequipo",
  "pk": 16,
  "fields": {
    "tipo_equipo": 5,
    "nombre": "544K",
    "marca": "John Deere",
    "descripcion": "",
    "activo": true
  }
},
{
  "model": "clientes.modeloequipo",
  "pk": 17,
  "fields": {
    "tipo_equipo": 3,
    "nombre": "35G",
    "marca": "John Deere",
    "descripcion": "",
    "activo": true
  }
},
{
  "model": "clientes.modeloequipo",
  "pk": 18,
  "fields": {
    "tipo_equipo": 4,
    "nombre": "670G",
    "marca": "John Deere",
    "descripcion": "",
    "activo": true
  }
},
{
  "model": "clientes.modeloequipo",
  "pk": 19,
  "fields": {
    "tipo_equipo": 4,
    "nombre": "770G",
    "marca": "John Deere",
    "descripcion": "",
    "activo": true
  }
},
{
  "model": "clientes.modeloequipo",
  "pk": 20,
  "fields": {
    "tipo_equipo": 3,
    "nombre": "200C LC",
    "marca": "John Deere",
    "descripcion": "",
    "activo": true
  }
},
{
  "model": "clientes.modelomotor",
  "pk": 2,
  "fields": {
    "nombre": "4045TT096",
    "descripcion": "",
    "activo": true
  }
},
{
  "model": "clientes.modelomotor",
  "pk": 3,
  "fields": {
    "nombre": "6068HDW74",
    "descripcion": "",
    "activo": true
  }
},
{
  "model": "clientes.modelomotor",
  "pk": 4,
  "fields": {
    "nombre": "4045TT094",
    "descripcion": "",
    "activo": true
  }
},
{
  "model": "clientes.modelomotor",
  "pk": 5,
  "fields": {
    "nombre": "6068HDW75",
    "descripcion": "",
    "activo": true
  }
},
{
  "model": "clientes.modelomotor",
  "pk": 6,
  "fields": {
    "nombre": "6068HT112",
    "descripcion": "",
    "activo": true
  }
},
{
  "model": "clientes.modelomotor",
  "pk": 7,
  "fields": {
    "nombre": "4024HT011",
    "descripcion": "",
    "activo": true
  }
},
{
  "model": "clientes.equipo",
  "pk": 2,
  "fields": {
    "cliente": 2,
    "modelo": 1,
    "numero_serie": "1FF210GXPFD523086",
    "modelo_motor": null,
    "numero_serie_motor": null,
    "año_fabricacion": 2015,
    "fecha_venta": null,
    "notas": "",
    "activo": true,
    "fecha_creacion": "2025-06-17T19:21:08.562Z",
    "fecha_modificacion": "2025-06-24T20:56:18.024Z",
    "ultima_hora_registrada": "800.00"
  }
},
{
  "model": "clientes.registrohorometro",
  "pk": 17,
  "fields": {
    "equipo": 2,
    "horas": "800.00",
    "fecha_registro": "2025-06-17T19:25:14.796Z",
    "origen": "PRE_ORDER",
    "usuario": 1,
    "api_response_id": null,
    "datos_api": null,
    "observaciones": "Registro automático desde preorden"
  }
},
{
  "model": "clientes.registrohorometro",
  "pk": 18,
  "fields": {
    "equipo": 2,
    "horas": "800.00",
    "fecha_registro": "2025-06-23T20:08:58.539Z",
    "origen": "PRE_ORDER",
    "usuario": 1,
    "api_response_id": null,
    "datos_api": null,
    "observaciones": "Registro automático desde preorden"
  }
},
{
  "model": "clientes.registrohorometro",
  "pk": 19,
  "fields": {
    "equipo": 2,
    "horas": "800.00",
    "fecha_registro": "2025-06-23T20:10:01.903Z",
    "origen": "SERVICIO",
    "usuario": 1,
    "api_response_id": null,
    "datos_api": null,
    "observaciones": "Registro automático desde servicio"
  }
},
{
  "model": "clientes.registrohorometro",
  "pk": 20,
  "fields": {
    "equipo": 2,
    "horas": "800.00",
    "fecha_registro": "2025-06-23T20:11:41.939Z",
    "origen": "SERVICIO",
    "usuario": 1,
    "api_response_id": null,
    "datos_api": null,
    "observaciones": "Registro automático desde servicio"
  }
},
{
  "model": "clientes.registrohorometro",
  "pk": 21,
  "fields": {
    "equipo": 2,
    "horas": "800.00",
    "fecha_registro": "2025-06-23T20:35:14.616Z",
    "origen": "SERVICIO",
    "usuario": 1,
    "api_response_id": null,
    "datos_api": null,
    "observaciones": "Registro automático desde servicio"
  }
},
{
  "model": "clientes.registrohorometro",
  "pk": 22,
  "fields": {
    "equipo": 2,
    "horas": "800.00",
    "fecha_registro": "2025-06-23T20:35:45.117Z",
    "origen": "SERVICIO",
    "usuario": 1,
    "api_response_id": null,
    "datos_api": null,
    "observaciones": "Registro automático desde servicio"
  }
},
{
  "model": "clientes.registrohorometro",
  "pk": 23,
  "fields": {
    "equipo": 2,
    "horas": "800.00",
    "fecha_registro": "2025-06-23T20:42:57.662Z",
    "origen": "SERVICIO",
    "usuario": 1,
    "api_response_id": null,
    "datos_api": null,
    "observaciones": "Registro automático desde servicio"
  }
},
{
  "model": "clientes.registrohorometro",
  "pk": 24,
  "fields": {
    "equipo": 2,
    "horas": "800.00",
    "fecha_registro": "2025-06-23T20:48:32.440Z",
    "origen": "SERVICIO",
    "usuario": 1,
    "api_response_id": null,
    "datos_api": null,
    "observaciones": "Registro automático desde servicio"
  }
},
{
  "model": "clientes.registrohorometro",
  "pk": 25,
  "fields": {
    "equipo": 2,
    "horas": "800.00",
    "fecha_registro": "2025-06-24T14:54:41.356Z",
    "origen": "SERVICIO",
    "usuario": 1,
    "api_response_id": null,
    "datos_api": null,
    "observaciones": "Registro automático desde servicio"
  }
},
{
  "model": "clientes.registrohorometro",
  "pk": 26,
  "fields": {
    "equipo": 2,
    "horas": "800.00",
    "fecha_registro": "2025-06-24T20:56:18.015Z",
    "origen": "SERVICIO",
    "usuario": 1,
    "api_response_id": null,
    "datos_api": null,
    "observaciones": "Registro automático desde servicio"
  }
},
{
  "model": "crm.campania",
  "pk": 1,
  "fields": {
    "nombre": "Campaña de prueba",
    "descripcion": "Vender",
    "fecha_inicio": "2025-06-23",
    "fecha_fin": "2025-07-23",
    "valor_paquete": "760.00",
    "objetivo_paquetes": 10,
    "estado": "PLANIFICADA"
  }
},
{
  "model": "crm.paqueteservicio",
  "pk": 1,
  "fields": {
    "nombre": "SERVICIO 500HS Retroexcavadoras",
    "descripcion": "Servicio de 500hs con lavado e informe de servicio detallado de estado de equipo",
    "precio": "760.00",
    "estado": "ACTIVO",
    "fecha_creacion": "2025-06-23T15:35:47.708Z",
    "fecha_modificacion": "2025-06-23T15:35:47.708Z",
    "servicios": []
  }
},
{
  "model": "crm.sugerenciamejora",
  "pk": 1,
  "fields": {
    "titulo": "Prueba",
    "descripcion": "La app es malisima, tarda mucho en cargar y no se guardan bien los cambios. ",
    "categoria": "PROCESOS",
    "estado": "EN_ANALISIS",
    "fecha_sugerencia": "2025-06-23T18:05:10.791Z",
    "fecha_revision": "2025-06-23T18:05:48.370Z",
    "fecha_implementacion": null,
    "respuesta_gerencia": "Estamos analizando actualmente la posibilidad de mejorar la aplicacion",
    "accion_especifica": "None",
    "responsable_implementacion": "None",
    "revisor": 1,
    "impacto_estimado": "BAJO",
    "prioridad": "BAJA",
    "beneficios_esperados": "Productividad y eficiencia",
    "recursos_necesarios": "Mejorar la app",
    "tiempo_estimado_implementacion": "1 dia"
  }
},
{
  "model": "gestionDeTaller.preorden",
  "pk": 5,
  "fields": {
    "sucursal": 1,
    "cliente": 2,
    "equipo": 2,
    "horometro": "800.00",
    "solicitud_cliente": "Prueba",
    "detalles_adicionales": "",
    "tipo_trabajo": "PRESENCIAL_TALLER",
    "clasificacion": "SPOT",
    "fecha_estimada": "2025-06-23",
    "hora_inicio_estimada": null,
    "hora_fin_estimada": null,
    "fecha_creacion": "2025-06-23T20:08:58.506Z",
    "creado_por": 1,
    "activo": true,
    "trae_llave": true,
    "estado_cabina": "OK",
    "estado_neumaticos_tren": "OK",
    "estado_vidrios": "OK",
    "combustible_ingreso": "50.00",
    "observaciones_estado_equipo": "",
    "firma_cliente": "firmas_clientes/firma_5.png",
    "nombre_cliente": "",
    "codigos_error": "",
    "tecnicos": [
      5
    ]
  }
},
{
  "model": "gestionDeTaller.servicio",
  "pk": 6,
  "fields": {
    "preorden": 5,
    "fecha_servicio": "2025-06-23",
    "estado": "EN_PROCESO",
    "horometro_servicio": "800.00",
    "fecha_creacion": "2025-06-23T20:48:32.408Z",
    "fecha_modificacion": "2025-06-24T20:56:17.997Z",
    "trabajo": "CLIENTE",
    "numero_factura": "",
    "archivo_factura": "",
    "observaciones": "",
    "numero_cotizacion": "",
    "archivo_cotizacion": "",
    "archivo_informe": "",
    "fecha_envio_documentacion": null,
    "prioridad": "0",
    "valor_mano_obra": null,
    "causa": "",
    "accion_correctiva": "",
    "ubicacion": "",
    "kilometros": null,
    "firma_cliente": "firmas_clientes/firma_6.png",
    "nombre_cliente": ""
  }
},
{
  "model": "gestionDeTaller.revision5s",
  "pk": 4,
  "fields": {
    "sucursal": 2,
    "evaluador": 1,
    "fecha_revision": "2025-06-23",
    "fecha_proxima": "2025-06-30",
    "bancos_trabajo": "NO_CONFORME",
    "herramientas_funcionales": "CONFORME",
    "piezas_organizadas": "NO_CONFORME",
    "herramientas_devueltas": "CONFORME",
    "box_limpios": "NO_CONFORME",
    "sala_garantia": "CONFORME",
    "piso_limpio": "CONFORME",
    "instrumentos_limpios": "CONFORME",
    "paredes_limpias": "CONFORME",
    "personal_uniformado": "CONFORME",
    "epp_usado": "CONFORME",
    "herramientas_calibradas": "CONFORME",
    "residuos_gestionados": "CONFORME",
    "documentacion_actualizada": "CONFORME",
    "procedimientos_seguidos": "CONFORME",
    "porcentaje_conformidad": "80.00",
    "fecha_creacion": "2025-06-23T20:03:58.677Z",
    "fecha_modificacion": "2025-06-23T20:03:58.677Z",
    "evidencias": ""
  }
},
{
  "model": "gestionDeTaller.logcambioservicio",
  "pk": 2,
  "fields": {
    "servicio": 6,
    "usuario": 1,
    "estado_anterior": "PROGRAMADO",
    "estado_nuevo": "EN_PROCESO",
    "fecha_cambio": "2025-06-24T20:56:18.032Z",
    "motivo": "",
    "ip_address": null
  }
},
{
  "model": "gestionDeTaller.logcambioinforme",
  "pk": 1,
  "fields": {
    "servicio": 6,
    "usuario": 1,
    "fecha_cambio": "2025-06-24T14:54:41.374Z",
    "campo_modificado": "firma_cliente",
    "valor_anterior": "",
    "valor_nuevo": "firmas_clientes/firma_6.png",
    "motivo": "Edición de informe",
    "ip_address": "172.18.0.1"
  }
},
{
  "model": "recursosHumanos.provincia",
  "pk": 1,
  "fields": {
    "nombre": "Tierra del Fuego",
    "activo": true,
    "fecha_creacion": "2025-05-05T17:12:07.640Z",
    "fecha_modificacion": "2025-05-05T17:12:07.640Z"
  }
},
{
  "model": "recursosHumanos.provincia",
  "pk": 2,
  "fields": {
    "nombre": "Chubut",
    "activo": true,
    "fecha_creacion": "2025-05-08T19:50:15.733Z",
    "fecha_modificacion": "2025-05-08T19:50:15.733Z"
  }
},
{
  "model": "recursosHumanos.ciudad",
  "pk": 1,
  "fields": {
    "nombre": "Rio Grande",
    "provincia": 1,
    "activo": true,
    "fecha_creacion": "2025-05-05T17:12:36.816Z",
    "fecha_modificacion": "2025-05-05T17:12:36.816Z"
  }
},
{
  "model": "recursosHumanos.ciudad",
  "pk": 2,
  "fields": {
    "nombre": "Comodoro Rivadavia",
    "provincia": 2,
    "activo": true,
    "fecha_creacion": "2025-05-08T19:50:26.984Z",
    "fecha_modificacion": "2025-05-08T19:50:26.984Z"
  }
},
{
  "model": "recursosHumanos.ciudad",
  "pk": 3,
  "fields": {
    "nombre": "Ushuaia",
    "provincia": 1,
    "activo": true,
    "fecha_creacion": "2025-06-17T19:18:13.647Z",
    "fecha_modificacion": "2025-06-17T19:18:13.647Z"
  }
},
{
  "model": "recursosHumanos.sucursal",
  "pk": 1,
  "fields": {
    "nombre": "Rio Grande",
    "direccion": "Ruta 3 Km 2815",
    "ciudad": 1,
    "provincia": 1,
    "activo": true,
    "fecha_creacion": "2025-05-05T17:13:19.158Z",
    "fecha_modificacion": "2025-06-17T19:07:50.556Z"
  }
},
{
  "model": "recursosHumanos.sucursal",
  "pk": 2,
  "fields": {
    "nombre": "Comodoro Rivadavia",
    "direccion": "Manuel de Arburua 123",
    "ciudad": 2,
    "provincia": 2,
    "activo": true,
    "fecha_creacion": "2025-05-08T19:51:23.298Z",
    "fecha_modificacion": "2025-05-08T19:51:23.298Z"
  }
},
{
  "model": "recursosHumanos.usuario",
  "pk": 1,
  "fields": {
    "password": "pbkdf2_sha256$600000$Hb4o8JrSKSi00USNlqh40W$AZXH6qwAbWpy2QjtsdwODbypLozTgQvIbdbjHCFNi0g=",
    "last_login": "2025-06-26T11:39:34.683Z",
    "is_superuser": true,
    "first_name": "",
    "last_name": "",
    "is_staff": true,
    "is_active": true,
    "date_joined": "2025-05-05T17:15:23.542Z",
    "email": "maxi.caamano@patagoniamaquinarias.com",
    "nombre": "Maxi",
    "apellido": "Caamaño",
    "sucursal": 1,
    "rol": "GERENTE",
    "fecha_creacion": "2025-05-05T17:15:23.907Z",
    "fecha_modificacion": "2025-06-05T14:54:34.290Z",
    "tarifa_individual": null,
    "groups": [],
    "user_permissions": []
  }
},
{
  "model": "recursosHumanos.usuario",
  "pk": 2,
  "fields": {
    "password": "pbkdf2_sha256$600000$X8JKTxiL74HYmPuaHaDLR6$9ebtu5kSGewf3kiROkwmH9LqwF1Tq7b/i2qHuDj2DkY=",
    "last_login": "2025-05-05T18:11:26.255Z",
    "is_superuser": false,
    "first_name": "",
    "last_name": "",
    "is_staff": false,
    "is_active": true,
    "date_joined": "2025-05-05T17:17:26.952Z",
    "email": "daniel.palazzorossi@patagoniamaquinarias.com",
    "nombre": "Daniel",
    "apellido": "Palazzorossi",
    "sucursal": 1,
    "rol": "TECNICO",
    "fecha_creacion": "2025-05-05T17:17:27.330Z",
    "fecha_modificacion": "2025-05-05T17:17:27.330Z",
    "tarifa_individual": null,
    "groups": [],
    "user_permissions": []
  }
},
{
  "model": "recursosHumanos.usuario",
  "pk": 3,
  "fields": {
    "password": "pbkdf2_sha256$600000$DwM8TRo59piRyR0rjf9SdW$7LNIuw5dwb4qWIWj3Ikv9s2iasZSdK84/PT+9nhURvE=",
    "last_login": "2025-05-12T13:39:54.407Z",
    "is_superuser": false,
    "first_name": "",
    "last_name": "",
    "is_staff": false,
    "is_active": true,
    "date_joined": "2025-05-08T19:51:52.387Z",
    "email": "brunocarilli@gmail.com",
    "nombre": "Bruno",
    "apellido": "Carilli",
    "sucursal": 2,
    "rol": "TECNICO",
    "fecha_creacion": "2025-05-08T19:51:52.756Z",
    "fecha_modificacion": "2025-05-08T19:51:52.756Z",
    "tarifa_individual": null,
    "groups": [],
    "user_permissions": []
  }
},
{
  "model": "recursosHumanos.usuario",
  "pk": 4,
  "fields": {
    "password": "pbkdf2_sha256$600000$nz88q6lkIdZkTzaMOg0Fgq$Phzz2xCNSGLGALS2gR9Sj8+RhVV/EkmEI1RLqL2y/bI=",
    "last_login": "2025-06-25T18:01:21.729Z",
    "is_superuser": false,
    "first_name": "",
    "last_name": "",
    "is_staff": false,
    "is_active": true,
    "date_joined": "2025-06-10T14:04:43.011Z",
    "email": "tallercomodoro@patagoniamaquinarias.com",
    "nombre": "Emanuel",
    "apellido": "Roca",
    "sucursal": 1,
    "rol": "TECNICO",
    "fecha_creacion": "2025-06-10T14:04:43.403Z",
    "fecha_modificacion": "2025-06-10T14:04:43.403Z",
    "tarifa_individual": null,
    "groups": [],
    "user_permissions": []
  }
},
{
  "model": "recursosHumanos.usuario",
  "pk": 5,
  "fields": {
    "password": "pbkdf2_sha256$600000$JTwk7uwom731w6B1S0E5og$2Sr8KmpfoUR+kafCXNmZFPt8v1qcvaOVQnll0yV5Eac=",
    "last_login": "2025-06-11T12:51:52.924Z",
    "is_superuser": false,
    "first_name": "",
    "last_name": "",
    "is_staff": false,
    "is_active": true,
    "date_joined": "2025-06-10T14:09:04.689Z",
    "email": "enzocaliari@gmail.com",
    "nombre": "Enzo",
    "apellido": "Caliari",
    "sucursal": 1,
    "rol": "TECNICO",
    "fecha_creacion": "2025-06-10T14:09:05.132Z",
    "fecha_modificacion": "2025-06-10T14:09:05.132Z",
    "tarifa_individual": null,
    "groups": [],
    "user_permissions": []
  }
},
{
  "model": "recursosHumanos.usuario",
  "pk": 6,
  "fields": {
    "password": "pbkdf2_sha256$600000$lkGfGSveI2BamTpANgkOdZ$C/bCTjCp3zH4vxgbaCGw342PYEnN1DDn2fVIUAZDq5M=",
    "last_login": null,
    "is_superuser": false,
    "first_name": "",
    "last_name": "",
    "is_staff": false,
    "is_active": true,
    "date_joined": "2025-06-10T14:09:47.761Z",
    "email": "anibalgomez@gmail.com",
    "nombre": "Anibal",
    "apellido": "Gomez",
    "sucursal": 1,
    "rol": "TECNICO",
    "fecha_creacion": "2025-06-10T14:09:48.151Z",
    "fecha_modificacion": "2025-06-10T14:09:48.151Z",
    "tarifa_individual": null,
    "groups": [],
    "user_permissions": []
  }
},
{
  "model": "recursosHumanos.usuario",
  "pk": 7,
  "fields": {
    "password": "pbkdf2_sha256$600000$255DH335vqZ8b7c5KxwnO3$Of9J4/CD4n5s6tj+fp04W9LGnRY6AF+ovAdWqkoz6rY=",
    "last_login": null,
    "is_superuser": false,
    "first_name": "",
    "last_name": "",
    "is_staff": false,
    "is_active": true,
    "date_joined": "2025-06-10T14:11:02.374Z",
    "email": "franciscoruiz@gmail.com",
    "nombre": "Ignacio",
    "apellido": "Ruiz",
    "sucursal": 1,
    "rol": "TECNICO",
    "fecha_creacion": "2025-06-10T14:11:02.750Z",
    "fecha_modificacion": "2025-06-10T14:11:06.272Z",
    "tarifa_individual": null,
    "groups": [],
    "user_permissions": []
  }
},
{
  "model": "recursosHumanos.usuario",
  "pk": 8,
  "fields": {
    "password": "pbkdf2_sha256$600000$9i7n5xy9TsW6MW9OamBbmz$KXc0ieBb2y6gUtGJFL/Ys+BDh3EqpFNhxUdr3RngLNM=",
    "last_login": "2025-06-10T14:13:29.982Z",
    "is_superuser": false,
    "first_name": "",
    "last_name": "",
    "is_staff": false,
    "is_active": true,
    "date_joined": "2025-06-10T14:12:49.293Z",
    "email": "misael@gmail.com",
    "nombre": "Misael",
    "apellido": "Guerrero",
    "sucursal": 2,
    "rol": "TECNICO",
    "fecha_creacion": "2025-06-10T14:12:49.669Z",
    "fecha_modificacion": "2025-06-10T14:12:51.731Z",
    "tarifa_individual": null,
    "groups": [],
    "user_permissions": []
  }
},
{
  "model": "recursosHumanos.usuario",
  "pk": 9,
  "fields": {
    "password": "pbkdf2_sha256$600000$dpedMOimpALxyd9AP2Gdk9$QHJon+UfirOtWQ36iHJagHYLeBeUMjgl8luPo5fjx3A=",
    "last_login": "2025-06-24T14:54:57.847Z",
    "is_superuser": false,
    "first_name": "",
    "last_name": "",
    "is_staff": false,
    "is_active": true,
    "date_joined": "2025-06-17T19:04:25.848Z",
    "email": "repuestosrga@patagoniamaquinarias.com",
    "nombre": "Fernanda",
    "apellido": "Gonzalez",
    "sucursal": 1,
    "rol": "ADMINISTRATIVO",
    "fecha_creacion": "2025-06-17T19:04:26.213Z",
    "fecha_modificacion": "2025-06-17T19:04:26.213Z",
    "tarifa_individual": null,
    "groups": [],
    "user_permissions": []
  }
},
{
  "model": "recursosHumanos.actividadtrabajo",
  "pk": 1,
  "fields": {
    "nombre": "Ausencia",
    "descripcion": "",
    "disponibilidad": "NO_DISPONIBLE",
    "genera_ingreso": null,
    "categoria_facturacion": null
  }
},
{
  "model": "recursosHumanos.actividadtrabajo",
  "pk": 2,
  "fields": {
    "nombre": "Vacaciones",
    "descripcion": "",
    "disponibilidad": "NO_DISPONIBLE",
    "genera_ingreso": null,
    "categoria_facturacion": null
  }
},
{
  "model": "recursosHumanos.actividadtrabajo",
  "pk": 3,
  "fields": {
    "nombre": "Refrigerio",
    "descripcion": "",
    "disponibilidad": "DISPONIBLE",
    "genera_ingreso": "NO_INGRESO",
    "categoria_facturacion": null
  }
},
{
  "model": "recursosHumanos.actividadtrabajo",
  "pk": 4,
  "fields": {
    "nombre": "Sin trabajo asignado",
    "descripcion": "",
    "disponibilidad": "DISPONIBLE",
    "genera_ingreso": "NO_INGRESO",
    "categoria_facturacion": null
  }
},
{
  "model": "recursosHumanos.actividadtrabajo",
  "pk": 5,
  "fields": {
    "nombre": "Limpieza general",
    "descripcion": "",
    "disponibilidad": "DISPONIBLE",
    "genera_ingreso": "NO_INGRESO",
    "categoria_facturacion": null
  }
},
{
  "model": "recursosHumanos.actividadtrabajo",
  "pk": 6,
  "fields": {
    "nombre": "Limpieza Box-Herramientas",
    "descripcion": "",
    "disponibilidad": "DISPONIBLE",
    "genera_ingreso": "NO_INGRESO",
    "categoria_facturacion": null
  }
},
{
  "model": "recursosHumanos.actividadtrabajo",
  "pk": 7,
  "fields": {
    "nombre": "Limpieza Camionetas",
    "descripcion": "",
    "disponibilidad": "DISPONIBLE",
    "genera_ingreso": "NO_INGRESO",
    "categoria_facturacion": null
  }
},
{
  "model": "recursosHumanos.actividadtrabajo",
  "pk": 8,
  "fields": {
    "nombre": "Revision 5S",
    "descripcion": "",
    "disponibilidad": "DISPONIBLE",
    "genera_ingreso": "NO_INGRESO",
    "categoria_facturacion": null
  }
},
{
  "model": "recursosHumanos.actividadtrabajo",
  "pk": 9,
  "fields": {
    "nombre": "Capacitacion Presencial en Taller o fuera de Taller",
    "descripcion": "",
    "disponibilidad": "NO_DISPONIBLE",
    "genera_ingreso": null,
    "categoria_facturacion": null
  }
},
{
  "model": "recursosHumanos.actividadtrabajo",
  "pk": 10,
  "fields": {
    "nombre": "Reunion Interna Organizativa",
    "descripcion": "",
    "disponibilidad": "DISPONIBLE",
    "genera_ingreso": "NO_INGRESO",
    "categoria_facturacion": null
  }
},
{
  "model": "recursosHumanos.actividadtrabajo",
  "pk": 11,
  "fields": {
    "nombre": "Reunion Externa Cliente/JD",
    "descripcion": "",
    "disponibilidad": "DISPONIBLE",
    "genera_ingreso": "NO_INGRESO",
    "categoria_facturacion": null
  }
},
{
  "model": "recursosHumanos.actividadtrabajo",
  "pk": 12,
  "fields": {
    "nombre": "Preparacion para salida al campo",
    "descripcion": "",
    "disponibilidad": "DISPONIBLE",
    "genera_ingreso": "NO_INGRESO",
    "categoria_facturacion": null
  }
},
{
  "model": "recursosHumanos.actividadtrabajo",
  "pk": 13,
  "fields": {
    "nombre": "Preparacion repuestos/herramientas para trabajo en taller",
    "descripcion": "",
    "disponibilidad": "DISPONIBLE",
    "genera_ingreso": "NO_INGRESO",
    "categoria_facturacion": null
  }
},
{
  "model": "recursosHumanos.actividadtrabajo",
  "pk": 14,
  "fields": {
    "nombre": "Viaje IDA/VUELTA a campo",
    "descripcion": "",
    "disponibilidad": "DISPONIBLE",
    "genera_ingreso": "INGRESO",
    "categoria_facturacion": "FACTURABLE"
  }
},
{
  "model": "recursosHumanos.actividadtrabajo",
  "pk": 15,
  "fields": {
    "nombre": "Realizacion de servicio/reparacion",
    "descripcion": "",
    "disponibilidad": "DISPONIBLE",
    "genera_ingreso": "INGRESO",
    "categoria_facturacion": "FACTURABLE"
  }
},
{
  "model": "recursosHumanos.actividadtrabajo",
  "pk": 16,
  "fields": {
    "nombre": "Realizacion de servicio remoto",
    "descripcion": "",
    "disponibilidad": "DISPONIBLE",
    "genera_ingreso": "INGRESO",
    "categoria_facturacion": "FACTURABLE"
  }
},
{
  "model": "recursosHumanos.actividadtrabajo",
  "pk": 19,
  "fields": {
    "nombre": "Soporte a Repuestos/Servicios",
    "descripcion": "",
    "disponibilidad": "DISPONIBLE",
    "genera_ingreso": "NO_INGRESO",
    "categoria_facturacion": null
  }
},
{
  "model": "recursosHumanos.actividadtrabajo",
  "pk": 20,
  "fields": {
    "nombre": "Feriado",
    "descripcion": "",
    "disponibilidad": "NO_DISPONIBLE",
    "genera_ingreso": null,
    "categoria_facturacion": null
  }
},
{
  "model": "recursosHumanos.actividadtrabajo",
  "pk": 21,
  "fields": {
    "nombre": "Capacitacion Online",
    "descripcion": "",
    "disponibilidad": "DISPONIBLE",
    "genera_ingreso": "NO_INGRESO",
    "categoria_facturacion": null
  }
},
{
  "model": "recursosHumanos.actividadtrabajo",
  "pk": 22,
  "fields": {
    "nombre": "Almuerzo",
    "descripcion": "",
    "disponibilidad": "NO_DISPONIBLE",
    "genera_ingreso": null,
    "categoria_facturacion": null
  }
},
{
  "model": "recursosHumanos.registrohorastecnico",
  "pk": 7,
  "fields": {
    "tecnico": 5,
    "fecha": "2025-06-23",
    "hora_inicio": "09:00:00",
    "hora_fin": "09:10:00",
    "tipo_hora": 10,
    "servicio": null,
    "descripcion": "",
    "aprobado": false,
    "aprobado_por": null,
    "fecha_aprobacion": null,
    "fecha_creacion": "2025-06-23T20:06:36.947Z",
    "fecha_modificacion": "2025-06-23T20:06:36.947Z"
  }
},
{
  "model": "recursosHumanos.registrohorastecnico",
  "pk": 8,
  "fields": {
    "tecnico": 5,
    "fecha": "2025-06-23",
    "hora_inicio": "09:10:00",
    "hora_fin": "13:00:00",
    "tipo_hora": 15,
    "servicio": null,
    "descripcion": "",
    "aprobado": false,
    "aprobado_por": null,
    "fecha_aprobacion": null,
    "fecha_creacion": "2025-06-23T20:12:08.970Z",
    "fecha_modificacion": "2025-06-23T20:12:08.970Z"
  }
}
]
